"EPN_NAME_ID","DRG_DESC_ID","EPN_NM","EPN_NM_LENGTH","OVERRIDE_FLAG"
4341010,145659,"Sensi-Care Septi-Soft External Liquid",37,"N"
4341011,145658,"DuoDERM CGF Border External Miscellaneous",41,"N"
4341012,145623,"DuoDERM CGF Spots Extra Thin External Miscellaneous",51,"N"
4341013,145582,"Securi-T Skin Barrier Wafer",27,"N"
4341014,145581,"Securi-T Night Drain Adapter",28,"N"
4341015,145580,"Securi-T Curved Tail Closure",28,"N"
4341016,146449,"Flintstones Complete Oral Tablet Chewable",41,"N"
4341017,146445,"Bromelain-Cranberry-Uva Ursi-C Oral Capsule",43,"N"
4341018,146444,"Cranberry C Plus Oral Capsule",29,"N"
4341019,146443,"Omega 3-6-9 Fish Flax Borage Oral Capsule",41,"N"
4341020,146425,"Aloe Vesta Cleansing Foam External Liquid",41,"N"
4341021,146422,"Aloe Vesta Perineal/Skin External Liquid",40,"N"
4341022,146548,"BioGaia Oral Tablet Chewable",28,"N"
4341023,146547,"Bounty Buddies Plus Extra C Oral Tablet Chewable",48,"N"
4341024,146543,"Marine Omega Oral Capsule",25,"N"
4341025,144348,"Pneumococcal 10-Val Conj Vacc Intramuscular Suspension",54,"N"
4341026,145100,"Enfagrow Premium Next Step Oral Liquid",38,"N"
4341027,145110,"Rio-Bronze Towelettes External Pad",34,"N"
4341028,145101,"Enfagrow Premium Next Step Oral Powder",38,"N"
4341029,145099,"Enfagrow Soy Next Step LIPIL Oral Powder",40,"N"
4341030,145098,"Silicone Gel",12,"N"
4341031,145087,"Enfamil Premium LIPIL Oral Packet",33,"N"
4341032,145086,"Silicone Elastomer Blend Gel",28,"N"
4341033,145279,"Stress Shield Oral Tablet",25,"N"
4341034,145260,"ICaps Oral Capsule",18,"N"
4341035,146288,"Probiotic Formula Oral Capsule",30,"N"
4341036,146187,"DermaPlex External Gel",22,"N"
4341037,146351,"Embrace Blood Glucose Test In Vitro Strip",41,"N"
4341038,146350,"Pure Eyes Multi-Purpose Solution",32,"N"
4341039,146343,"Embrace Blood Glucose Monitor Device",36,"N"
4341040,146305,"Acai Weight Control Oral Capsule",32,"N"
4341041,146482,"PX Heatwraps Back/Hip",21,"N"
4341042,146470,"ClearLax Oral Packet",20,"N"
4341043,146469,"ClearLax Oral Powder",20,"N"
4341044,146468,"Osteo Bi-Flex Adv Double St Oral Capsule",40,"N"
4341045,146467,"Tranzgel External Gel",21,"N"
4341046,146466,"Co-Biotic Oral Capsule",22,"N"
4341047,146433,"Antioxidant Oral Capsule",24,"N"
4341048,146432,"Vision Plus Oral Capsule",24,"N"
4341049,146431,"CO-Q 10 Omega-3 Fish Oil Oral Capsule",37,"N"
4341050,146428,"Coenzyme Q10-Fish Oil-Vit E Oral Capsule",40,"N"
4341051,146284,"Multi Vitamin/Minerals Oral Tablet",34,"N"
4341052,146226,"Pro-biotic Blend Oral Capsule",29,"N"
4341053,147161,"Multi Adults Oral Tablet",24,"N"
4341054,147157,"Rx-Balance Platinum Joint Oral Tablet",37,"N"
4341055,147156,"Ultra Stress B-50 Complex Oral Capsule",38,"N"
4341056,147196,"KetoVolve 4:1 Oral Powder",25,"N"
4341057,147189,"Woundgard 4""x6"" External Pad",28,"N"
4341058,147188,"Woundgard 4""x4-1/4"" External Pad",32,"N"
4341059,147187,"Woundgard 2-1/2""x2-1/2"" External Pad",36,"N"
4341060,147179,"YouBest Multi-Vit-Zinc for Men Oral Capsule",43,"N"
4341061,147178,"Probaclac 50+ Oral Capsule",26,"N"
4341062,147677,"Udos Choice Adults Probiotic Oral Capsule",41,"N"
4341063,147714,"TheraBetic Eye Health Oral Tablet",33,"N"
4341064,147712,"Hair Fare Oral Tablet",21,"N"
4341065,147711,"Magnum-75 Oral Tablet Extended Release",38,"N"
4341066,147710,"Multi-Lean Oral Tablet",22,"N"
4341067,147709,"Milltrium Stamina Plus Oral Tablet",34,"N"
4341068,147708,"Hi-Potency Multi-Vitamin Oral Tablet",36,"N"
4341069,147707,"Daily Vitamin Plus Oral Capsule",31,"N"
4341070,147706,"Multi-Vitamin Menopausal Oral Tablet",36,"N"
4341071,147705,"B-Complex High Potency Oral Tablet Extended Release",51,"N"
4341072,147703,"Acidophilus Probiotic Blend Oral Tablet",39,"N"
4341073,147702,"Childrens Probitic Oral Tablet Chewable",39,"N"
4341074,147701,"Super-C 1000 Oral Tablet",24,"N"
4341075,147697,"Bee Pollen-Propolis-RoyalJelly Oral Tablet",42,"N"
4341076,147788,"Fluzone High-Dose Intramuscular Suspension",42,"N"
4341077,147786,"Universal Walker Organizer",26,"N"
4341078,147988,"CVS Supreme Diapers S2",22,"N"
4341079,148099,"Culturelle Digestive Health Oral Capsule",40,"N"
4341080,148098,"Lactobacillus-Inulin Oral Capsule",33,"N"
4341081,148086,"Grandpas Pine Tar Conditioner External Liquid",45,"N"
4341082,148069,"Pine Tar External Liquid",24,"N"
4341083,148280,"Menoplex Oral Capsule",21,"N"
4341084,148277,"Chondrocare Oral Tablet",23,"N"
4341085,148270,"Glucosamine-Chondroit-MSM-Min Oral Tablet",41,"N"
4341086,148499,"Sleep Overs Small/Medium",24,"N"
4341087,148498,"Sleep Overs Large/X-Large",25,"N"
4341088,148489,"Sure-Lance Flat Lancets",23,"N"
4341089,137580,"FD&C Red #40 Aluminum Lake Powder",33,"N"
4341090,137578,"TruForm Stockings 20-30mmHg",27,"N"
4341091,137538,"Cascara Sagrada Bark Powder",27,"N"
4341092,137537,"Bitterness Suppressor Flavor Liquid",35,"N"
4341093,137536,"Banana Flavor Powder",20,"N"
4341094,137407,"Womens Bone Health Oral Tablet",30,"N"
4341095,137320,"Century Mature Oral Tablet",26,"N"
4341096,16296,"Paradichlorobenzene Crystals",28,"N"
4341097,137788,"One-A-Day Womens Oral Tablet",28,"N"
4341098,137807,"Gold Bond Ultimate External Powder",34,"N"
4341099,137797,"Dexatrim Max2O Oral Tablet Effervescent",39,"N"
4341100,137796,"Dexatrim Max Evening Control Oral Tablet",40,"N"
4341101,137794,"Nutritional Supp - Diet Aids Oral Tablet Effervescent",53,"N"
4341102,137792,"Dexatrim Max Oral Tablet",24,"N"
4341103,137790,"Dexatrim Natural Decaf Oral Tablet",34,"N"
4341104,137789,"Dexatrim Natural Extra Energy Oral Tablet",41,"N"
4341105,137787,"Dexatrim Natural Oral Tablet",28,"N"
4341106,144102,"EQ Nutritional Shake Plus Oral Liquid",37,"N"
4341107,144100,"UV Natural Sunscreen SPF30+ External Cream",42,"N"
4341108,144099,"EQ Nutritional Shake Oral Liquid",32,"N"
4341109,144095,"Trophic Full Spectrum Minerals Oral Capsule",43,"N"
4341110,144093,"Wellesse Sugar Free Gummie W/C Oral Tablet Chewable",51,"N"
4341111,144092,"Paradigm 722 Insulin Pump Device",32,"N"
4341112,144091,"Paradigm 522 Insulin Pump Device",32,"N"
4341113,144142,"MI Paste Plus Dental Paste",26,"N"
4341114,144141,"MI Paste Dental Paste",21,"N"
4341115,144137,"Zewa Electrodes",15,"N"
4341116,144134,"Total Natural Kids Multi Vit Oral Tablet Chewable",49,"N"
4341117,144113,"Certain Dri AM External Solution",32,"N"
4341118,144074,"Duane Reade Lancet Altern Site",30,"N"
4341119,144073,"Duane Reade Lancet Ultra Thin",29,"N"
4341120,61033,"Dermatological Products, Misc. External Solution",48,"N"
4341121,144165,"Melatonin-Niacinamide-Mg-B6 Oral Tablet Extended Release",56,"N"
4341122,144159,"UV Natural Lip Sunscreen External Cream",39,"N"
4341123,144158,"UV Natural Sport Sunscreen External Cream",41,"N"
4341124,144157,"UV Natural Sport Lip Sunscreen External Cream",45,"N"
4341125,144156,"UV Natural Baby Sunscreen External Cream",40,"N"
4341126,144153,"St Johns Wort Maximum Strength Oral Tablet",42,"N"
4341127,144152,"Shape+ Oral Capsule",19,"N"
4341128,144151,"NOW Melatonin Oral Tablet Extended Release",42,"N"
4341129,144233,"Rightest GS100 Blood Glucose In Vitro Strip",43,"N"
4341130,144227,"Devon Wilson Frame Kit",22,"N"
4341131,144226,"Devon Schlein Beach Chair Kit",29,"N"
4341132,144225,"Devon Andrews Frame Kit",23,"N"
4341133,144224,"Devon Andrews Table Kit",23,"N"
4341134,144216,"Devon Jackson Table Kit",23,"N"
4341135,144215,"Silhouette 17mm",15,"N"
4341136,144214,"Silhouette 13mm",15,"N"
4341137,144213,"Paradigm Silhouette 18"" 13mm",28,"N"
4341138,144344,"Nutri Protecteur Elevee External Stick",38,"N"
4341139,144343,"Strepsils Cool Mouth/Throat Lozenge",35,"N"
4341140,144342,"Neutroge Ultra Sheer Dry-Touch External Lotion",46,"N"
4341141,144339,"SPF30 Sunscreen External Lotion",31,"N"
4341142,144338,"Face And Body External Lotion",29,"N"
4341143,144335,"Kroger Blood Glucose Test In Vitro Strip",40,"N"
4341144,144329,"Deep Moisture Renewal External Stick",36,"N"
4341145,144328,"Raspberry-Lemonade Blast External Stick",39,"N"
4341146,144470,"SPF30 Lip Balm External Stick",29,"N"
4341147,144451,"45SPF Sunscreen External Lotion",31,"N"
4341148,144450,"15SPF Sunscreen External Lotion",31,"N"
4341149,144445,"30SPF Sunscreen External Lotion",31,"N"
4341150,144420,"Everyday Sunscreen External Lotion",34,"N"
4341151,144479,"Pari LC D Nebulizer",19,"N"
4341152,144350,"Synflorix Intramuscular Suspension",34,"N"
4341153,152418,"14-Count Warmer",15,"N"
4341154,152417,"Prevalon Heel Protector",23,"N"
4341155,152416,"Prevalon Heel Protector/Petite",30,"N"
4341156,152415,"Prevalon Heel Protector/Wedge",29,"N"
4341157,152414,"Prevalon Foot/Leg Wedge",23,"N"
4341158,152814,"Face Oasis Plus Hydrating External Lotion",41,"N"
4341159,152808,"Similac Advance Complete Oral Liquid",36,"N"
4341160,152788,"Provenge Intravenous Suspension",31,"N"
4341161,152708,"Sipuleucel-T Intravenous Suspension",35,"N"
4341162,153031,"Glucosamine-Chondroitin Sulf Oral Tablet",40,"N"
4341163,153011,"Ad Gag Multivit Act Women 50+ Oral Tablet",41,"N"
4341164,153148,"HM Probiotics Oral Capsule",26,"N"
4341165,153147,"New Image Skin Barrier/Flange Wafer",35,"N"
4341166,153146,"New Image Urostomy 70MM Kit",27,"N"
4341167,153067,"Phillips Colon Health Oral Capsule",34,"N"
4341168,153054,"Carbopol 934 Resin Powder",25,"N"
4341169,153047,"Chicken Roasted Concentrate Liquid",34,"N"
4341170,152469,"Johnsons Baby Wash External Liquid",34,"N"
4341171,149110,"Nutrilite Joint Health Oral Liquid",34,"N"
4341172,149055,"Glucosamine-Vitamin C Oral Liquid",33,"N"
4341173,149017,"FORA G20 Blood Glucose Test In Vitro Strip",42,"N"
4341174,148503,"Aveeno Advanced Care Body Wash External Liquid",46,"N"
4341175,148502,"Ambi Soft & Even Stretch Mark External Oil",42,"N"
4341176,148501,"Ambi Soft & Even Skin Moisture External Cream",45,"N"
4341177,148500,"Ambi Soft & Even Creamy Oil External Lotion",43,"N"
4341178,148497,"Ambi Fade Oily Skin External Cream",34,"N"
4341179,148496,"Ambi Fade Normal Skin External Cream",36,"N"
4341180,148495,"Ambi Even & Clear Minimizer External Cream",42,"N"
4341181,148488,"Ambi Complexion Cleansing External Bar",38,"N"
4341182,148487,"Ambi Cocoa Butter Cleansing External Bar",40,"N"
4341183,149284,"AeroChamber Plus Flow-Vu Adult Device",37,"N"
4341184,149282,"AeroChamber Plus Flow-Vu Infnt Device",37,"N"
4341185,149281,"AeroChamber Plus Flow-Vu Kids Device",36,"N"
4341186,149407,"RA Moisturizing Therapy External Cream",38,"N"
4341187,149406,"KetoCal 4:1 Oral Liquid",23,"N"
4341188,149388,"Fixodent Free Cream",19,"N"
4341189,149369,"Tegaderm Matrix Dressing External Pad",37,"N"
4341190,149368,"Tegaderm Alginate AG Rope External Miscellaneous",48,"N"
4341191,149367,"Tegaderm Alginate AG Dressing External Pad",42,"N"
4341192,149705,"Soleil Protexion Velvet SPF30 External Liquid",45,"N"
4341193,149704,"Soleil Protexion Velvet SPF60 External Liquid",45,"N"
4341194,143962,"Wings Quilted Underpad 30""x30""",30,"N"
4341195,143957,"QC Daily Multivit/Multimineral Oral Tablet",42,"N"
4341196,143931,"QC Multi-Vite 50 & Over Oral Tablet",35,"N"
4341197,143926,"QC Mens Daily Multivitamin Oral Tablet",38,"N"
4341198,143924,"QC Daily Multivitamins/Iron Oral Tablet",39,"N"
4341199,137487,"Ammonium Phosphate Dibasic Powder",33,"N"
4341200,137474,"Ammonium Phosphate Powder",25,"N"
4341201,137473,"Ampicillin Sodium Powder",24,"N"
4341202,137472,"Pentanol Solution",17,"N"
4341203,137471,"Angelica Root Oil",17,"N"
4341204,137461,"Formula DTX Oral Tablet",23,"N"
4341205,137447,"Zoo Chews Gummies Oral Tablet Chewable",38,"N"
4341206,137443,"Exact Lip Balm Year-Round Prot External Stick",45,"N"
4341207,137442,"Exact Lip Balm Regular External Stick",37,"N"
4341208,137441,"Exact Fruit Flavors External Stick",34,"N"
4341209,137439,"Exact Lip Balm Moisturizing External Stick",42,"N"
4341210,137438,"SkinTint FX External Cream",26,"N"
4341211,137428,"30 SPF Sunscreen External Lotion",32,"N"
4341212,137426,"Decubi-Vite Oral Capsule",24,"N"
4341213,137421,"Ammonium Phosphate Monobasic Powder",35,"N"
4341214,137420,"Epiandrosterone Powder",22,"N"
4341215,137079,"EQL Childrens C Oral Tablet Chewable",36,"N"
4341216,137581,"SM Mouth Rinse Antiseptic Mouth/Throat Liquid",45,"N"
4341217,151208,"S.O.S. 25 Oral Packet",21,"N"
4341218,151206,"S.O.S. 20 Oral Packet",21,"N"
4341219,151204,"S.O.S. 15 Oral Packet",21,"N"
4341220,151203,"S.O.S. 10 Oral Packet",21,"N"
4341221,151191,"Monistat 3 Combination Pack Vaginal Kit",39,"N"
4341222,151188,"Vita Vim For Her Oral Capsule",29,"N"
4341223,151167,"GNP Soothing Bath Treatment External Packet",43,"N"
4341224,151126,"Aveeno Baby Essential Care Combination Kit",42,"N"
4341225,151515,"VegLife Vegan One Multiple Oral Tablet",38,"N"
4339914,163212,"Knee Support/Neoprene/Oval Sm",29,"N"
4339915,163211,"Knee Support/Neoprene/Oval Med",30,"N"
4339916,163210,"Knee Support/Neoprene/Oval Lg",29,"N"
4339917,163209,"Sports Brief Regular",20,"N"
4339918,163208,"Sports Brief Large",18,"N"
4339919,163206,"Sports Support Youth",20,"N"
4339920,163205,"Sports Support XL",17,"N"
4339921,163204,"Sports Support Small",20,"N"
4339922,163203,"Sports Support Medium",21,"N"
4339923,163202,"Sports Support Large",20,"N"
4339924,163201,"Knee Brace/Hor-Shu Supp Pad XL",30,"N"
4339925,163200,"Knee Brace/Hor-Shu Supp Pad Sm",30,"N"
4339926,163199,"Knee Brace/Hor-Shu Supp Pad M",29,"N"
4339927,163198,"Knee Brace/Hor-Shu Supp Pad Lg",30,"N"
4339928,163197,"Knee Brace/Flex Stays XL",24,"N"
4339929,163196,"Knee Brace/Flex Stays Small",27,"N"
4339930,163195,"Knee Brace/Flex Stays Medium",28,"N"
4339931,163194,"Knee Brace/Flex Stays Large",27,"N"
4339932,163191,"Knee Support/Elastic/Firm XL",28,"N"
4339933,163190,"Knee Support/Elastic/Firm Sm",28,"N"
4339934,163189,"Knee Support/Elastic/Firm Med",29,"N"
4339935,163187,"Knee Support/Elastic/Firm Lg",28,"N"
4339936,163180,"Knee Brace/Hinged Bars XL",25,"N"
4339937,163179,"Knee Brace/Hinged Bars Small",28,"N"
4339938,163178,"Knee Brace/Hinged Bars Medium",29,"N"
4339939,163177,"Knee Brace/Hinged Bars Large",28,"N"
4339940,163176,"Ankle Support/Elastic/Sheer XL",30,"N"
4339941,163175,"Ankle Support/Elastic/Sheer Sm",30,"N"
4339942,163174,"Ankle Support/Elastic/Sheer M",29,"N"
4339943,163173,"Ankle Support/Elastic/Sheer Lg",30,"N"
4339944,163172,"Ankle Brace/Flexible Stays XL",29,"N"
4339945,155067,"Strepsils Warm Mouth/Throat Lozenge",35,"N"
4339946,155066,"PX Superstrip 1""x3""",19,"N"
4339947,155008,"PenDerm External Cream",22,"N"
4339948,155007,"Minesol Protect Sunscreen External Lotion",41,"N"
4339949,154992,"EltaMD Skincare UV Daily SPF40 External Lotion",46,"N"
4339950,160027,"K-Y Liquibeads Vaginal Insert",29,"N"
4339951,160026,"Vaginal Moisturizer Vaginal Insert",34,"N"
4339952,159927,"J & J Reach Total Care",22,"N"
4339953,159926,"J & J Reach Cleanpaste",22,"N"
4339954,159671,"Johnsons Baby Wash Shea/Cocoa External Liquid",45,"N"
4339955,159670,"Johnsons Baby Oil Shea/Cocoa External Oil",41,"N"
4339956,159669,"Johnsons Baby Oil Body Wash External Liquid",43,"N"
4339957,159668,"Johnsons Natural Baby External Lotion",37,"N"
4339958,159667,"Johnsons Natural 2-in-1 Wash External Liquid",44,"N"
4339959,159666,"Johnsons Natural Baby External Shampoo",38,"N"
4339960,160515,"Etidrocal Oral Kit",18,"N"
4339961,160655,"Dermo Repair Complex 4 Oral Capsule",35,"N"
4339962,160654,"Protect Complex 8 Oral Capsule",30,"N"
4339963,160647,"Ambi Essentials Gentle Cleansr External Cream",45,"N"
4341757,164511,"Tranquility ATN Brief Med",25,"N"
4341624,164802,"One Daily Womens 50+ Oral Tablet",32,"N"
4341625,165050,"Cal Mag Citrate w/Zinc & Vit D Oral Tablet",42,"N"
4341626,165116,"Insyte Autoguard 18Gx1.16""",26,"N"
4341627,165115,"DDF Ultra-Lite Oil-Free Dew External Lotion",43,"N"
4341628,165114,"Creme De Jour Multi-Action External Cream",41,"N"
4341629,165113,"UV Hydrator External Lotion",27,"N"
4341630,165081,"One Daily For Women 50+ Adv Oral Tablet",39,"N"
4341631,165080,"One Daily For Men 50+ Advanced Oral Tablet",42,"N"
4341632,165079,"One Daily For Women Oral Tablet",31,"N"
4341633,165146,"Conforming Rolled Gauze",23,"N"
4341634,165145,"Sinus Wash Salt Nasal Crystals",30,"N"
4341635,165143,"Evicel External Solution",24,"N"
4341636,165142,"Carmex Moisture Plus External Stick",35,"N"
4341637,165139,"Saline Nasal Crystals",21,"N"
4341638,165137,"K2 Endurance Sunscreen SPF50 External Lotion",44,"N"
4341639,164995,"Tranquility ThinLiner 610",25,"N"
4341640,164973,"Tranquility Air-Plus Bariatric",30,"N"
4341641,164972,"Tranquility Cleansing Wipes",27,"N"
4341642,164971,"Tranquility Vinyl Gloves Large",30,"N"
4341643,164970,"Tranquility Vinyl Gloves Med",28,"N"
4341644,164969,"Tranquility Vinyl Gloves Small",30,"N"
4341645,164968,"Tranquility ThinLiner 714",25,"N"
4341646,164967,"Regular Strap",13,"N"
4341647,164966,"Tranquility SlimLine Brief",26,"N"
4341648,164964,"Tranquility XL+ Bariatric",25,"N"
4341649,164960,"Tranquility ATN Brief XL",24,"N"
4341650,164959,"Tranquility ATN Brief Large",27,"N"
4341651,164958,"Tranquility ATN Brief Small",27,"N"
4341652,164733,"Select Underpads Extra Large",28,"N"
4341653,159841,"BD Nexiva 18Gx1.75""",19,"N"
4341654,159840,"BD Nexiva 18Gx1.25""",19,"N"
4341655,159838,"BD Nexiva 20Gx1.75""",19,"N"
4341656,159835,"BD Nexiva 20Gx1.25""",19,"N"
4341657,159833,"BD Nexiva 20Gx1""",16,"N"
4341658,159832,"BD Nexiva 22Gx1""",16,"N"
4341659,159831,"BD Nexiva 24Gx0.75""",19,"N"
4341660,159830,"BD Nexiva 24Gx0.56""",19,"N"
4341661,159769,"FORA D20 Blood Glucose Test In Vitro Strip",42,"N"
4341662,159729,"Coromega Omega 3+D Squeeze Oral Emulsion",40,"N"
4341663,159386,"Fish Oil-Cholecalciferol Oral Emulsion",38,"N"
4341664,159968,"Premium Training Pants 2T-3T",28,"N"
4341665,159867,"Juven Revigor Oral Packet",25,"N"
4341666,160029,"Metamucil Oral Wafer",20,"N"
4341667,160028,"K-Y Yours+Mine Kissable External Gel",36,"N"
4341668,160025,"Carb-O-Sal 5 External Cream",27,"N"
4341669,160024,"GRX Rinse-Free External Liquid",30,"N"
4341670,159759,"Psyllium Oral Wafer",19,"N"
4341671,160289,"PC SPF50 Continuous Spray External Aerosol",42,"N"
4341672,160288,"PC SPF30 Continuous Spray External Aerosol",42,"N"
4341673,160286,"PC SPF15 Continuous Spray External Aerosol",42,"N"
4341674,160285,"PC SPF50 Sunscreen External Lotion",34,"N"
4341675,160284,"PC SPF30 Sunscreen External Lotion",34,"N"
4341676,160283,"PC SPF15 Sunscreen External Lotion",34,"N"
4341677,160282,"Lavender Nitrile Gloves/Medium",30,"N"
4341678,160281,"PC SPF60 Kids Sunscreen External Lotion",39,"N"
4341679,160280,"PC SPF30 Sport Sunscreen External Lotion",40,"N"
4341680,160279,"PC SPF60 Kids Continuous Spray External Aerosol",47,"N"
4341681,160278,"Radiant Day SPF22 External Lotion",33,"N"
4341682,160277,"Sport Lotion 50 SPF External Lotion",35,"N"
4341683,160276,"Ocean Potion Instant Dry Sport External Aerosol",47,"N"
4341684,160274,"Ocean Potion Instant Dry Kids External Aerosol",46,"N"
4341685,160272,"Fruit Flavours Lip Balm External Stick",38,"N"
4341686,160271,"All Seasons Lip Balm External Stick",35,"N"
4341687,160269,"SPF 15 Lip Balm External Stick",30,"N"
4341688,160267,"Moisturizing Lip Balm External Stick",36,"N"
4341689,161398,"Multiple Vitamins-Iron Oral Syrup",33,"N"
4341690,161397,"Vitall Oral Syrup",17,"N"
4341691,161393,"Vitall Plus Oral Tablet Effervescent",36,"N"
4341692,161389,"Nutralife Numega 369 Oral Capsule",33,"N"
4341693,161898,"J & J First Aid Tape Cloth Tape",31,"N"
4341694,161897,"J & J First Aid Emergency Combination Kit",41,"N"
4341695,161894,"Johnsons Cotton Balls",21,"N"
4341696,161893,"Johnsons Cosmetic Rounds",24,"N"
4341697,161891,"J & J First Aid Deluxe Combination Kit",38,"N"
4341698,161890,"Infant Care Products External Kit",33,"N"
4341699,161889,"Johnsons Body Care Refreshing External Liquid",45,"N"
4341700,161888,"J & J Cooling Relief Adhesive Pad",33,"N"
4341701,161887,"Aveeno Positively Ageless Eye External Cream",44,"N"
4341702,161886,"Aveeno Positively Ageless Nght External Cream",45,"N"
4341703,161873,"RoC Multi-Correxion Cleanser External Liquid",44,"N"
4341704,161872,"RoC Age Diminishing Cleanser External Liquid",44,"N"
4341705,161871,"RoC Age Diminishing SPF15 External Lotion",41,"N"
4341706,161870,"RoC Age Diminishing Night External Cream",40,"N"
4341707,161869,"RoC CompleteLift SPF30 External Lotion",38,"N"
4341708,161868,"RoC Retinol Correxion SPF30 External Lotion",43,"N"
4341709,161867,"RoC Retinol Correxion Hand External Cream",41,"N"
4341710,161866,"RoC Deep Wrinkle Serum External Lotion",38,"N"
4341711,161865,"RoC Retinol Correxion Night External Cream",42,"N"
4341712,161864,"RoC Multi-Correxion Night External Cream",40,"N"
4341713,161863,"RoC Multi-Correxion Eye External Cream",38,"N"
4341714,161862,"RoC CompleteLift Eye External Liquid",36,"N"
4341715,161861,"RoC Retinol Correxion External Cream",36,"N"
4341716,163846,"Sure-T Infusion Set 32"" 10mm",28,"N"
4341717,163845,"Sure-T Infusion Set 32"" 8mm",27,"N"
4341718,163844,"Sure-T Infusion Set 32"" 6mm",27,"N"
4341719,163843,"Sure-T Infusion Set 23"" 8mm",27,"N"
4341720,163842,"Sure-T Infusion Set 23"" 6mm",27,"N"
4341721,163841,"Sure-T Infusion Set 18"" 6mm",27,"N"
4341722,163840,"Quick-Set Infusion Set 43"" 9mm",30,"N"
4341723,163839,"Quick-Set Infusion Set 23"" 9mm",30,"N"
4341724,163838,"Quick-Set Infusion Set 43"" 6mm",30,"N"
4341725,163837,"Quick-Set Infusion Set 23"" 6mm",30,"N"
4341726,163836,"Quick-Set Infusion Set 32"" 9mm",30,"N"
4341727,163835,"Quick-Set Infusion Set 32"" 6mm",30,"N"
4341728,163834,"Quick-Set Infusion Set 18"" 6mm",30,"N"
4341729,163833,"Mio Infusion Set 32"" 6mm/Blue",29,"N"
4341730,163832,"Mio Infusion Set 32"" 6mm/Pink",29,"N"
4341731,163831,"Mio Infusion Set 23"" 6mm/Blue",29,"N"
4341732,163830,"Mio Infusion Set 23"" 6mm/Pink",29,"N"
4341733,163829,"Mio Infusion Set 32"" 9mm/Clear",30,"N"
4341734,163828,"Mio Infusion Set 32"" 6mm/Clear",30,"N"
4341735,163827,"Mio Infusion Set 18"" 6mm/Blue",29,"N"
4341736,163826,"Mio Infusion Set 18"" 6mm/Pink",29,"N"
4341737,163825,"Ultra Pill Crusher",18,"N"
4341738,163823,"MiniMed Paradigm 722 Ins Pump Device",36,"N"
4341739,163822,"MiniMed Paradigm 715 Ins Pump Device",36,"N"
4341740,163821,"MiniMed Paradigm 522 Ins Pump Device",36,"N"
4341741,163820,"MiniMed Paradigm 515 Ins Pump Device",36,"N"
4341742,163819,"MiniLink REAL-Time Transmitter",30,"N"
4341743,163818,"Aquacel Hydrofiber 0.39""x18"" External Miscellaneous",51,"N"
4341744,163870,"Grape Seed Extract Oral Capsule",31,"N"
4341745,163861,"Carlson Super CLO Oral Capsule",30,"N"
4341746,163859,"Precision Scale",15,"N"
4341747,163850,"Hylatopic Plus/Aurstat External Kit",35,"N"
4341748,163847,"Emollient Foam & Wound Gel External Kit",39,"N"
4341749,164134,"Bio-B Complex Oral Tablet",25,"N"
4341750,164127,"B-Complex Plus Oral Capsule",27,"N"
4341751,164125,"Bio-3B-G Oral Tablet",20,"N"
4341752,164124,"Fe-Zyme Oral Tablet",19,"N"
4341753,164208,"Multivitamines Oral Capsule",27,"N"
4341754,164202,"EasyMax N Blood Glucose Device",30,"N"
4341755,164200,"Lip Ointment External Ointment",30,"N"
4341756,164546,"RepHresh Pro-B Vaginal Capsule",30,"N"
4341758,164444,"Tranquility TopLiner Booster",28,"N"
4341759,164601,"Vitamin B3 - Niacin Oral Capsule",32,"N"
4341760,164599,"B6 SAP Oral Capsule",19,"N"
4341761,164640,"Super Supplement/Iron-Free Oral Tablet",38,"N"
4341762,164639,"Vitamin B3 Niacin Oral Capsule",30,"N"
4341763,164941,"Bodi Whirl Oil External Oil",27,"N"
4341764,164940,"XMet XCys Analog Oral Powder",28,"N"
4341765,164938,"Natures Wash Plus External Liquid",33,"N"
4341766,164937,"XMet XCys Maxamaid Oral Powder",30,"N"
4341767,164818,"Select Underpads Large",22,"N"
4341768,164817,"Select Nighttime Liners",23,"N"
4341769,164810,"Select Personal Care Pads",25,"N"
4341770,164753,"Select Daytime Plus Liners",26,"N"
4341771,164752,"Select Contoured Shield Liners",30,"N"
4341772,164751,"Select Daytime Liners",21,"N"
4341773,164750,"Select Mesh Pants XXL",21,"N"
4341774,164749,"Select Mesh Pants Extra Large",29,"N"
4341775,164748,"Select Mesh Pants Large",23,"N"
4341776,164747,"Select Mesh Pants Medium",24,"N"
4341777,164740,"Select Slim N Soft Guard",25,"N"
4341778,164738,"Select Slim N Soft Guard Reg",29,"N"
4341779,164735,"Select Ultra Underpads Large",28,"N"
4341780,145515,"NasalCare Starter Kit Nasal Packet",34,"N"
4341781,145514,"NasalCare Nasal Packet",22,"N"
4341782,145510,"Misc Natural Product Nasal Nasal Packet",39,"N"
4341783,145506,"Prodigy No Coding Blood Gluc In Vitro Strip",43,"N"
4341784,145505,"SB Complete Nutrition Oral Liquid",33,"N"
4341785,145504,"SB Complete Nutrition Plus Oral Liquid",38,"N"
4341786,145503,"Only One Iron Free Oral Tablet",30,"N"
4341787,145325,"Visi-Flow Irrigation Closure",28,"N"
4341788,145288,"SAF-Clens AF External Liquid",28,"N"
4341789,145797,"Nuvorawhite Mouth/Throat Lozenge",32,"N"
4341790,145784,"Dental Whiteners Mouth/Throat Lozenge",37,"N"
4341791,145780,"Taurine Liquid",14,"N"
4341792,154846,"Tena Serenity Long Pad",22,"N"
4341793,154831,"Everyday Pantiliners Long Pad",29,"N"
4341794,154786,"Similac Go & Grow Early Shield Oral Powder",42,"N"
4341795,154766,"Similac Advance Early Shield Oral Powder",40,"N"
4341796,165729,"Orthotex Knee/Spiral Stays XL",29,"N"
4341797,165728,"Orthotex Knee/Spiral Stays Sm",29,"N"
4341798,165727,"Orthotex Knee/Spiral Stays Med",30,"N"
4341799,165726,"Orthotex Knee/Spiral Stays Lg",29,"N"
4341800,165725,"Orthotex Knee/Spiral Stays 4XL",30,"N"
4341801,165724,"Orthotex Knee/Spiral Stays 3XL",30,"N"
4341802,165723,"Orthotex Knee/Spiral Stays 2XL",30,"N"
4341803,165722,"Orthotex Stabilizer Wrap/R XS",29,"N"
4341804,165721,"Orthotex Stabilizer Wrap/R XL",29,"N"
4341805,165720,"Orthotex Stabilizer Wrap/R Sm",29,"N"
4341806,165719,"Orthotex Stabilizer Wrap/R Med",30,"N"
4341807,165718,"Orthotex Stabilizer Wrap/R Lg",29,"N"
4341808,165717,"Orthotex Stabilizer Wrap/R 5XL",30,"N"
4341809,165716,"Orthotex Stabilizer Wrap/R 4XL",30,"N"
4341810,165715,"Orthotex Stabilizer Wrap/R 3XL",30,"N"
4341811,165714,"Orthotex Stabilizer Wrap/R 2XL",30,"N"
4341812,165713,"Orthotex Stabilizer Wrap/L XS",29,"N"
4341813,165712,"Orthotex Stabilizer Wrap/L XL",29,"N"
4341814,165711,"Orthotex Stabilizer Wrap/L Sm",29,"N"
4341815,165710,"Orthotex Stabilizer Wrap/L Med",30,"N"
4341816,165709,"Orthotex Stabilizer Wrap/L Lg",29,"N"
4341817,165708,"Orthotex Stabilizer Wrap/L 5XL",30,"N"
4341818,165707,"Orthotex Stabilizer Wrap/L 4XL",30,"N"
4341819,165706,"Orthotex Stabilizer Wrap/L 3XL",30,"N"
4341820,165705,"Orthotex Stabilizer Wrap/L 2XL",30,"N"
4341821,165704,"Abdominal Binder/Elastic XL",27,"N"
4341822,165703,"Abdominal Binder/Elastic Small",30,"N"
4341823,165702,"Abdominal Binder/Elastic Med",28,"N"
4341824,165701,"Abdominal Binder/Elastic Large",30,"N"
4341825,165700,"Abdominal Binder/Elastic 3XL",28,"N"
4341826,165699,"Abdominal Binder/Elastic 2XL",28,"N"
4341827,165698,"Three-Panel Binder for Men XL",29,"N"
4341828,165697,"Three-Panel Binder for Men Sm",29,"N"
4341829,165919,"Neutrogena Ultra Sheer SPF 45 External Lotion",45,"N"
4341830,165908,"Alba Botanica Emollient SPF45 External Lotion",45,"N"
4341831,165907,"Alba Botanica Emollient Sport External Lotion",45,"N"
4341832,165906,"Alba Botanica Emollient Facial External Lotion",46,"N"
4341833,165905,"Alba Botanica Emollient Kids External Lotion",44,"N"
4341834,165900,"GNP Acidophilus High Potency Oral Capsule",41,"N"
4341835,165899,"GNP Therapeutic-M Oral Tablet",29,"N"
4341836,166855,"OsteoMove with Glucosamine Oral Tablet",38,"N"
4341837,166845,"Dermavit Oral Tablet",20,"N"
4341838,166799,"Buch-Crnslk-Ch Gras-Hydr-Ca Oral Tablet",39,"N"
4341839,166798,"KP B Complex-C Oral Tablet",26,"N"
4341840,166789,"EasyIron Extra Strength Oral Capsule",36,"N"
4341841,168624,"Licorice Plus Oral Tablet",25,"N"
4341842,168685,"Metabolix II Oral Capsule",25,"N"
4341843,168596,"EQL Pediatric Drink/Fiber Oral Liquid",37,"N"
4341844,168576,"EQL Pediatric Drink Oral Liquid",31,"N"
4341845,168468,"Alpha Lipoic Ac-Cinn-Cr-Vanad Oral Capsule",42,"N"
4341846,166443,"TH Daily Multiple Vitamins Oral Tablet",38,"N"
4341847,166426,"TH Vitamin B 50/B-Complex Oral Tablet",37,"N"
4341848,166645,"Silicone Blend Custom Paste",27,"N"
4341849,166629,"Silicone Paste",14,"N"
4341850,166586,"RA Tugaboos Infant Formula/FE Oral Powder",41,"N"
4341851,166436,"Medibase C Liquid",17,"N"
4341852,166433,"Chicken Flavor Powder",21,"N"
4341853,167905,"NasoNeb Nebulizer Replacement",29,"N"
4341854,167904,"NasoNeb Nebulizer Starter",25,"N"
4341855,167897,"Silica Plus Oral Capsule",24,"N"
4341856,167896,"Phyto Philus Oral Capsule",25,"N"
4341857,167895,"Vit B3-Inositol Hexanicotinate Oral Capsule",43,"N"
4341858,167757,"Xtracal Plus Oral Packet",24,"N"
4341859,167747,"ProSource Gelatein20 Oral Gel",29,"N"
4341860,167741,"Protein Oral Gel",16,"N"
4341861,168053,"GNP Underwear Sm/Med",20,"N"
4340838,144679,"Bayer Contour Test In Vitro Strip",33,"N"
4340839,144678,"Bayer Microlet Lancets",22,"N"
4340840,144703,"Fiber Plus Oral Capsule",23,"N"
4340841,144689,"Bayer Microlet 2 Lancing Devic",30,"N"
4340842,144741,"Calcium Citrate Oral Tablet",27,"N"
4340843,144740,"Super Halibut Liver Oil Oral Capsule",36,"N"
4340844,144739,"Sure Comfort Lancets 30G",24,"N"
4340845,144738,"Sure Comfort Lancets 28G",24,"N"
4340846,144735,"GNP Ovulation Predictor In Vitro Kit",36,"N"
4340847,144730,"GNP Alcohol Swabs Pad",21,"N"
4340848,144759,"AppTrim Lifestyles Bariatric Oral Capsule",41,"N"
4340849,144758,"AppTrim Lifestyles Obesity Oral Capsule",39,"N"
4340850,144769,"UltraHeal Multi-Day External Pad",32,"N"
4340851,144821,"Accu-Chek Tender 1 Infusion Kit",31,"N"
4340852,862,"AllKare Adhesive Remover Wipes",30,"N"
4340853,144960,"Chrono-Basic Oral Packet",24,"N"
4340854,144959,"Elasto-Gel 4""x4"" External Pad",29,"N"
4340855,144941,"ChronoFlex Oral Tablet",22,"N"
4340856,144940,"ChronoFlex Oral Packet",22,"N"
4340857,144939,"Chronic Pain Support Oral Packet",32,"N"
4340858,144938,"Chrono-Mature Oral Packet",25,"N"
4340859,144885,"Night Drainage Tubing",21,"N"
4340860,144884,"Night Drainage System Kit",25,"N"
4340861,145084,"Glucocard 01 Control In Vitro Liquid",36,"N"
4340862,145083,"Hepatitis Support Oral Miscellaneous",36,"N"
4340863,145078,"Glucocard 01 Sensor Plus In Vitro Strip",39,"N"
4340864,145068,"Digestive Enzymes Oral Miscellaneous",36,"N"
4340865,145067,"Glucose Management Oral Tablet",30,"N"
4340866,145064,"Complete Prostate Health Oral Tablet",36,"N"
4340867,145063,"Complete Menopause Health Oral Tablet",37,"N"
4340868,145061,"Total Cardio Health Formula Oral Capsule",40,"N"
4340869,145060,"MultiSource Calcium Mag/D Oral Tablet",37,"N"
4340870,145059,"Probiotic & Acidophilus Ex St Oral Capsule",42,"N"
4340871,145057,"Advanced Diabetic Multivitamin Oral Tablet",42,"N"
4340872,145056,"Mens Multi Vitamin & Mineral Oral Tablet",40,"N"
4340873,145055,"Womens Multi Vitamin & Mineral Oral Tablet",42,"N"
4340874,145054,"Mens 50+ Multi Vitamin/Min Oral Tablet",38,"N"
4340875,145053,"BILL Multivitamin-Mineral Oral Tablet",37,"N"
4340876,145051,"Total Natural B-Complex Oral Tablet",35,"N"
4340877,145050,"Womens 50+ Multi Vitamin/Min Oral Tablet",40,"N"
4340878,145048,"Digestive Support Oral Capsule",30,"N"
4340879,145047,"One Tab Daily Womens Formula Oral Tablet",40,"N"
4340880,145046,"Total Memory & Focus Formula Oral Tablet",40,"N"
4340881,145044,"Calcium-Magnesium-D-Zinc Oral Capsule",37,"N"
4340882,145021,"Comfort-Aid 1.5""x2.5"" External Pad",34,"N"
4340883,145020,"Toe-Aid External Pad",20,"N"
4340884,145370,"Cholesterol Defense Oral Tablet",31,"N"
4340885,145369,"Vitamin D Plus CoFactors Oral Tablet",36,"N"
4340886,145361,"First-BXN Mouthwash Mouth/Throat Suspension",43,"N"
4340887,145353,"Romantic Mist Vaginal Solution",30,"N"
4340888,145352,"Fresh Scent Vaginal Solution",28,"N"
4340889,145350,"Diphenhyd-Lidocaine-Nystatin Mouth/Throat Suspension",52,"N"
4340890,145635,"Acura Blood Glucose Test In Vitro Strip",39,"N"
4340891,145634,"Infinity Blood Glucose Test In Vitro Strip",42,"N"
4340892,145619,"Trace-Minerals Oral Capsule",27,"N"
4340893,145618,"Complete Probiotic MultiStrain Oral Capsule",43,"N"
4340894,145598,"Aquacel Hydrofiber 3/4""x18"" External Miscellaneous",50,"N"
4340895,145683,"Primadophilus Kids Oral Tablet Chewable",39,"N"
4340896,145682,"Primadophilus Reuteri Oral Capsule",34,"N"
4340897,146983,"Prevail Bariatric Brief",23,"N"
4340898,146982,"OmniPod",7,"N"
4340899,146981,"OmniPod Starter Kit",19,"N"
4340900,146978,"RA E-Zject Lancets Thin 28G",27,"N"
4340901,146977,"Ultra Thin Lancets 28G",22,"N"
4340902,147290,"Daily-Vitamin Maximum Formula Oral Tablet",41,"N"
4340903,147288,"Daily Mens Health Formula Oral Tablet",37,"N"
4340904,147287,"Daily Womens Health Formula Oral Tablet",39,"N"
4340905,147285,"Daily-Vitamin/Iron Oral Tablet",30,"N"
4340906,147282,"Thera-mill M Oral Tablet",24,"N"
4340907,147280,"Thera-mill Oral Tablet",22,"N"
4340908,147276,"Foot Care Products External Packet",34,"N"
4340909,147267,"Milltrium Cardio Oral Tablet",28,"N"
4340910,5757,"Daily-Vitamin Oral Tablet",25,"N"
4340911,147337,"A-C-E + Selenium Oral Capsule",29,"N"
4340912,147358,"Prosacea External Gel",21,"N"
4340913,147381,"Align Balancing Defense Probio Oral Capsule",43,"N"
4340914,147379,"Gr8 Dophilius Oral Capsule",26,"N"
4340915,147441,"Emjoi TENS Device",17,"N"
4340916,147438,"Probiotic 10 Billion Oral Capsule",33,"N"
4340917,147699,"Probiotic 30 Billion Oral Capsule",33,"N"
4340918,147698,"Udo Choice Adv Adult Probiotic Oral Capsule",43,"N"
4340919,147679,"Flavorx Liquid",14,"N"
4340920,147929,"Carex Coccyx Cushion",20,"N"
4340921,147916,"VanishPoint 18Gx1-1/4"" FEP",26,"N"
4340922,147914,"VanishPoint 18Gx1-1/4"" PUR",26,"N"
4340923,147913,"VanishPoint 20Gx1-1/4"" FEP",26,"N"
4340924,147912,"VanishPoint 20Gx1-1/4"" PUR",26,"N"
4340925,147911,"VanishPoint 22Gx1"" FEP",22,"N"
4340926,147910,"VanishPoint 22Gx1"" PUR",22,"N"
4340927,147909,"VanishPoint 24Gx3/4"" FEP",24,"N"
4340928,147908,"VanishPoint 24Gx3/4"" PUR",24,"N"
4340929,147906,"Blood Collection Tube Holder",28,"N"
4340930,148245,"Enfamil Gentlease LIPIL Oral Liquid",35,"N"
4340931,148241,"Sensitive Skin Sunscreen External Lotion",40,"N"
4340932,148238,"Canker Care+ External Gel",25,"N"
4340933,148237,"Commode Bedside",15,"N"
4340934,148236,"Folding Commode",15,"N"
4340935,148231,"Vita Vim For Kids Oral Tablet Chewable",38,"N"
4340936,148208,"NeutraSal Mouth/Throat Packet",29,"N"
4340937,148206,"Artificial Saliva Mouth/Throat Packet",37,"N"
4340938,148366,"Snorestop Nasospray Nasal Liquid",32,"N"
4340939,148365,"Snorestop Extinguisher Nasal Liquid",35,"N"
4340940,148363,"Vital-10 Oral Capsule",21,"N"
4340941,148361,"Nutra Skin Oral Tablet",22,"N"
4340942,148358,"Acidopilus Pearls Oral Capsule",30,"N"
4340943,148357,"Solutions Energy Oral Capsule",29,"N"
4340944,148326,"Psyllium Plus Oral Capsule",26,"N"
4340945,148322,"Pearls Ic Intensive Care Oral Capsule",37,"N"
4340946,148317,"Formula 405 Body Smoothing External Lotion",42,"N"
4340947,148312,"Formula 405 Facial & Body External Lotion",41,"N"
4340948,148310,"Adrien Gagnon Probiotique Oral Capsule",38,"N"
4340949,148306,"Formula 405 Moisturizing External Lotion",40,"N"
4340950,148291,"Formula 405 A.H.A Facial Night External Cream",45,"N"
4340951,148290,"Formula 405 A.H.A Cleanser External Liquid",42,"N"
4340952,148289,"Formula 405 Light Moisturizer External Cream",44,"N"
4340953,148279,"Herbal Select Probio-8 Oral Capsule",35,"N"
4340954,148230,"Probiotic Age Child Oral Capsule",32,"N"
4340955,144637,"GNP Alcohol Denatured Solution",30,"N"
4340956,144636,"GNP Castor Oil Oil",18,"N"
4340957,144635,"GNP Sodium Silicate Solution",28,"N"
4340958,144634,"Poison Ivy Wash External Miscellaneous",38,"N"
4340959,144632,"CVS Vaginal Moisturizer Vaginal Gel",35,"N"
4340960,144627,"Solbar Shield Sunscreen External Lotion",39,"N"
4340961,6076,"Denture Adhesive Cream",22,"N"
4340962,148768,"Unibase External Cream",22,"N"
4340963,148767,"Chelated Multi Minerals Oral Capsule",36,"N"
4340964,148765,"Florastor Kids Oral Packet",26,"N"
4340965,148764,"Carbopol 934P Resin Powder",26,"N"
4340966,148763,"Cherry Flavor Powder",20,"N"
4340967,148759,"Acacia Milled Powder",20,"N"
4340968,148755,"EPT Digital Stick Double In Vitro Diagnostic Test",49,"N"
4340969,148751,"EPT Digital Stick Triple In Vitro Diagnostic Test",49,"N"
4340970,148750,"Control Denture Adhesive Cream",30,"N"
4340971,148749,"EPT Stick Triple In Vitro Diagnostic Test",41,"N"
4340972,148748,"Wings Bariatric Adult Briefs",28,"N"
4340973,148747,"TxSystems B-LIFTx 3\0 External Kit",34,"N"
4340974,148746,"TxSystems B-LIFTx 2\0 External Kit",34,"N"
4340975,148727,"Salicylic Acid External Kit",27,"N"
4340976,148726,"DPM External Cream",18,"N"
4340977,148725,"Formula 405 Le Pont Nail External Oil",37,"N"
4340978,148716,"Pharmabase Heavy External Cream",31,"N"
4340979,148686,"Pharmabase Light External Cream",31,"N"
4340980,144514,"PCCA Anhydrous Lipoderm Base External Cream",43,"N"
4340981,144512,"GNP HeatWraps",13,"N"
4340982,145347,"Boston Simplus Solution",23,"N"
4340983,145342,"Cesinex 150 Oral Suspension",27,"N"
4340984,145341,"Cesinex 125 Oral Suspension",27,"N"
4340985,145340,"Cesinex 100 Oral Suspension",27,"N"
4340986,145339,"Cesinex 80 Oral Suspension",26,"N"
4340987,145338,"Cesinex 60 Oral Suspension",26,"N"
4340988,145337,"Cesinex 50 Oral Suspension",26,"N"
4340989,145336,"Cesinex 40 Oral Suspension",26,"N"
4340990,145335,"Cesinex 35 Oral Suspension",26,"N"
4340991,145334,"Cesinex 30 Oral Suspension",26,"N"
4340992,145333,"Cesinex 25 Oral Suspension",26,"N"
4340993,145331,"Cesinex 20 Oral Suspension",26,"N"
4340994,145329,"Dietary Management Product Oral Suspension",42,"N"
4340995,145328,"Tena Serenity DriActive Pads",28,"N"
4340996,145521,"Multivitamins/Minerals/Lutein Oral Tablet",41,"N"
4340997,145518,"Ultra Sensitive Day Defense External Cream",42,"N"
4340998,145512,"Prodigy Lancing Device",22,"N"
4340999,145540,"Vita-Lea w/o Iron Oral Tablet",29,"N"
4341000,145571,"Securi-T Skin Barrier Strip",27,"N"
4341001,145569,"Securi-T Conformable Seals",26,"N"
4341002,145568,"Securi-T 2-Pc Convexity Wafer",29,"N"
4341003,145563,"Zinc Complex Oral Tablet",24,"N"
4341004,145552,"Securi-T Wafer/Flange Wafer",27,"N"
4341005,145551,"Securi-T Flexible Wafer/Flange Wafer",36,"N"
4341006,145544,"Securi-T No Sting Wipe",22,"N"
4341007,145528,"Securi-T Stoma Paste",20,"N"
4341008,145527,"Securi-T Ostomy Deodorant Liquid",32,"N"
4341009,145525,"Securi-T Ostomy Belt",20,"N"
4339964,160646,"Ambi Essentials Daily External Lotion",37,"N"
4339965,160645,"Tena Men Heavy Protection XL",28,"N"
4339966,160644,"Tena Men Heavy Protection M/L",29,"N"
4339967,160643,"Tena Women Heavy Protect S/M",28,"N"
4339968,160642,"Reach Total Care + Whitening",28,"N"
4339969,160640,"Multivitamin Complex Oral Capsule",33,"N"
4339970,160639,"Listerine Zero Mouth/Throat Liquid",34,"N"
4339971,160637,"J & J Reach Total Care Plus",27,"N"
4339972,160631,"Healthy Vision Oral Capsule",27,"N"
4339973,160630,"Vita1 Oral Tablet",17,"N"
4339974,160628,"Osteo Prolong Oral Tablet",25,"N"
4339975,160679,"Inspiration Elite Compress/Neb",30,"N"
4339976,160676,"Probiotic Atlas Oral Capsule",28,"N"
4339977,160675,"Probiotic Adults Oral Capsule",29,"N"
4339978,160674,"Dairy Free Formula Oral Capsule",31,"N"
4339979,160673,"Probiotic Children Oral Capsule",31,"N"
4339980,160672,"Probiotic Adult 50+ Oral Capsule",32,"N"
4339981,160671,"Multistrain Probiotic Oral Capsule",34,"N"
4339982,160670,"Medic Oral Capsule",18,"N"
4339983,160666,"Wet-Stop 3",10,"N"
4339984,160660,"Cholecalciferol Powder",22,"N"
4339985,160653,"AsthmaPack for Children Kit",27,"N"
4339986,160650,"MicroElite Filter Replacements",30,"N"
4339987,161077,"PrismaSol B22GK 4/0 22-4 MEQ/L Intravenous Solution",51,"N"
4339988,161072,"Nutralife Vita 50 Oral Tablet Chewable",38,"N"
4339989,161071,"ProMed B-100 Complex Oral Tablet",32,"N"
4339990,161069,"Life Brand Probiotic Oral Capsule",33,"N"
4339991,161068,"Pharmax HLC Endure Oral Capsule",31,"N"
4339992,161335,"Cholestanol Oral Tablet",23,"N"
4339993,161477,"FORA V30a Blood Glucose Test In Vitro Strip",43,"N"
4339994,161476,"FORA V30a Blood Glucose System Device",37,"N"
4339995,161475,"FORA G30a Blood Glucose Test In Vitro Strip",43,"N"
4339996,161474,"FORA G30a Blood Glucose System Device",37,"N"
4339997,161473,"FORA G90 Blood Glucose Test In Vitro Strip",42,"N"
4339998,161472,"FORA G90 Blood Glucose System Device",36,"N"
4339999,162106,"Johnsons Baby Hand/Face Wipes",29,"N"
4340000,163341,"Medihoney Wound/Burn Dressing External Gel",42,"N"
4340001,163337,"OsteoVital Plus Oral Tablet",27,"N"
4340002,163336,"Probiotic ABCs Oral Capsule",27,"N"
4340003,163335,"Dantrolene Sodium Powder",24,"N"
4340004,163334,"Easy Plus Blood Glucose System Device",37,"N"
4340005,163332,"Easy Plus Blood Glucose Test In Vitro Strip",43,"N"
4340006,163330,"Ortho-Minerals Oral Capsule",27,"N"
4340007,163327,"Udos Choice Sup Adv Adt Probio Oral Capsule",43,"N"
4340008,163326,"Udos Choice Super Adult Probio Oral Capsule",43,"N"
4340009,163284,"TruSheer Stockings 30-40mmHg",28,"N"
4340010,163274,"Elbow Support/Neoprene XL",25,"N"
4340011,163273,"Elbow Support/Neoprene Small",28,"N"
4340012,163272,"Elbow Support/Neoprene Medium",29,"N"
4340013,163271,"Elbow Support/Neoprene Large",28,"N"
4340014,162447,"Florajen BifidoBlend Oral Capsule",33,"N"
4340015,162446,"Florajen Acidophilus Oral Capsule",33,"N"
4340016,162306,"SudaCare Advanced Refill Pad",28,"N"
4340017,162562,"Omega 369 Oral Capsule",22,"N"
4340018,162559,"Miconazole 3 Combo Pack App 200 & 2 MG-% (9GM) Vaginal Kit",58,"N"
4340019,162553,"Nutri Derm Oral Tablet",22,"N"
4340020,162507,"GentleLax Oral Powder",21,"N"
4340021,162506,"GentleLax Oral Packet",21,"N"
4340022,164167,"SourceCF Oral Capsule",21,"N"
4340023,164148,"K-Pax Immune Professional St Oral Tablet",40,"N"
4340024,164412,"Mask Vortex",11,"N"
4340025,164378,"Bodi Lotion External Lotion",27,"N"
4340026,164377,"ASC Lotionized Antimicrobial External Liquid",44,"N"
4340027,164309,"Johnsons Natural Gift Set",25,"N"
4340028,164304,"Johnsons Gentle Care Gift Set",29,"N"
4340029,164296,"Aveeno Positively Nourishing External Liquid",44,"N"
4340030,164257,"Lubriderm Mens 3-in-1 External Lotion",37,"N"
4340031,164256,"RoC Multi Correxion Lift Serum External Lotion",46,"N"
4340032,164255,"RoC Multi Correxion Lift Eye External Cream",43,"N"
4340033,164254,"Clean & Clear Finishes External Cream",37,"N"
4340034,164250,"Aveeno Smart Essentials External Cream",38,"N"
4340035,164247,"Aveeno Smart Essentials Wash External Lotion",44,"N"
4340036,164245,"Aveeno Smart Essentials Scrub External Cream",44,"N"
4340037,164242,"Aveeno Smart Essentials External Liquid",39,"N"
4340038,164220,"Aveeno Baby Mineralblock SPF50 External Stick",45,"N"
4340039,154367,"Assure Platinum Meter Device",28,"N"
4340040,154366,"Assure Platinum In Vitro Strip",30,"N"
4340041,154528,"Vit C-Rose Hip-Bioflavonoids Oral Tablet",40,"N"
4340042,154519,"NOW Elder-Zinc Plus Mouth/Throat Lozenge",40,"N"
4340043,154514,"New Image Colostomy 1-3/4"" Kit",30,"N"
4340044,154513,"Cranberry/Chokeberry Oral Tablet",32,"N"
4340045,154511,"Cranber-Chokeber-Pumpk-Grpefrt Oral Tablet",42,"N"
4340046,154507,"Organika Citrus Q10 Oral Capsule",32,"N"
4340047,154487,"TravaCor Oral Capsule",21,"N"
4340048,154466,"KLS LaxaClear Oral Powder",25,"N"
4340049,158334,"Lactinex Oral Packet",20,"N"
4340050,158333,"Floranex Oral Packet",20,"N"
4340051,158406,"BioThrax Intramuscular Suspension",33,"N"
4340052,158346,"Similac Advance Kosher Oral Liquid",34,"N"
4340053,158329,"Anthrax Vaccine Adsorbed Intramuscular Suspension",49,"N"
4340054,158306,"Similac Sensitive Early Shield Oral Concentrate",47,"N"
4340055,158286,"Similac Advance Organic Oral Powder",35,"N"
4340056,54934,"Lactobacillus Oral Packet",25,"N"
4340057,159016,"Super Fluid UV Defense SPF50 External Lotion",44,"N"
4340058,159015,"100 SPF Cream External Cream",28,"N"
4340059,159014,"Rose Skin Care Anti-Aging External Cream",40,"N"
4340060,159013,"Cross-Terrain SPF50 External Ointment",37,"N"
4340061,159012,"Ocean Potion Instant Dry Mist External Aerosol",46,"N"
4340062,159011,"Ocean Potion Sunscreen SPF60 External Lotion",44,"N"
4340063,159010,"Dermaglow 70 SPF External Cream",31,"N"
4340064,159009,"Ocean Potion Sport Xtreme External Lotion",41,"N"
4340065,159008,"Ocean Potion Kids Sunscreen External Lotion",43,"N"
4340066,159007,"Ocean Potion Sunscreen SPF30 External Lotion",44,"N"
4340067,159006,"Ocean Potion Sunscreen SPF15 External Lotion",44,"N"
4340068,158992,"Paradigm Silhouette 32"" 17mm",28,"N"
4340069,158947,"Similac Sensitive Isomil Soy Oral Packet",40,"N"
4340070,158946,"Similac Expert Care NeoSure/Fe Oral Powder",42,"N"
4340071,158886,"Noble Mystique Body Cleanser External Liquid",44,"N"
4340072,158826,"Ensure Immune Health Oral Liquid",32,"N"
4340073,159387,"SM Echinacea-Goldenseal Oral Capsule",36,"N"
4340074,159358,"Super Penta-Dophilus Oral Capsule",33,"N"
4340075,159349,"JAMP-Vitamins B & C Oral Tablet",31,"N"
4340076,159347,"I-Care Oral Tablet",18,"N"
4340077,159166,"HealthyLax Oral Packet",22,"N"
4340078,156046,"Bull Frog Marathon Mist SPF50 External Liquid",45,"N"
4340079,153806,"Tena Serenity Pad",17,"N"
4340080,157227,"RA Laxative Oral Powder",23,"N"
4340081,157187,"RA Tugaboos Baby (Talc) External Powder",39,"N"
4340082,157186,"RA Feminine Wash Sensitive Vaginal Liquid",41,"N"
4340083,158050,"Vitamin C with Flavonoids Oral Capsule",38,"N"
4340084,158048,"Adrien Gagnon Multi Women Oral Tablet",37,"N"
4340085,157971,"RA Skin Treatment External Oil",30,"N"
4340086,157946,"RA Blood Pressure Cuff Monitor",30,"N"
4340087,157907,"Ensure Bone Health Revigor Oral Liquid",38,"N"
4340088,157898,"Ensure Clinical St Revigor Oral Liquid",38,"N"
4340089,157866,"Similac Sensitive Oral Concentrate",34,"N"
4340090,160126,"Johnsons Baby Pure Cornstarch External Powder",45,"N"
4340091,160086,"Accu-Chek Softclix Lancet Dev Kit",33,"N"
4340092,160387,"Dehydroepiandrosterone Micro Powder",35,"N"
4340093,160377,"Prasterone Micronized Powder",28,"N"
4340094,160867,"Protecflor Oral Capsule",23,"N"
4340095,161364,"Tena Serenity Underwear Medium",30,"N"
4340096,161363,"Tena Serenity Underwear XL",26,"N"
4340097,161361,"Listerine Whitening Mouth/Throat Liquid",39,"N"
4340098,161360,"Tena Serenity Underwear Large",29,"N"
4340099,161359,"Tena Serenity Male Guards",25,"N"
4340100,161358,"Stayfree Ultra Thin Long Pad",28,"N"
4340101,161357,"Prevail for Women Large",23,"N"
4340102,161356,"Prevail for Women Small/Medium",30,"N"
4340103,161355,"Tena Serenity Wipes",19,"N"
4340104,161353,"Stayfree Maxi Overnight Pad",27,"N"
4340105,161351,"Adrien Gag Multi Active Women Oral Tablet",41,"N"
4340106,161349,"Joint Maintenance Ex Str Oral Tablet",36,"N"
4340107,161416,"Methocel E4M Premium CR Powder",30,"N"
4340108,161415,"Premier Urostomy Kit 64MM Kit",29,"N"
4340109,161414,"TGT Baby Diapers Newborn",24,"N"
4340110,161413,"TGT Baby Diapers Size 6",23,"N"
4340111,161412,"TGT Baby Diapers Size 5",23,"N"
4340112,161411,"TGT Baby Diapers Size 4",23,"N"
4340113,161410,"TGT Baby Diapers Size 3",23,"N"
4340114,161409,"TGT Baby Diapers Size 2",23,"N"
4340115,161408,"TGT Baby Diapers Size 1",23,"N"
4340116,161407,"Head Halter Over Door Traction",30,"N"
4340117,161711,"Ascorbic Acid Cassave Powder",28,"N"
4340118,161707,"Probiotic Eleven Oral Capsule",29,"N"
4340119,161705,"Paraffin Wax Beads Wax",22,"N"
4340120,161702,"NOW Magnesium/Potassium/Taurin Oral Capsule",43,"N"
4340121,161697,"Moisturel Sensitive Skin External Liquid",40,"N"
4340122,161692,"Women Form Complex 11 Oral Capsule",34,"N"
4340123,161690,"Total One Men 50+ Multivit/Min Oral Tablet",42,"N"
4340124,161689,"Provultra Plus Oral Capsule",27,"N"
4340125,161667,"MapleLife Multi-Daily Adult Oral Tablet",39,"N"
4340126,161646,"Glutathione-L Reduced Powder",28,"N"
4340127,161593,"Aimsco Lubricated",17,"N"
4340128,161788,"Aveeno Positively Smooth External Liquid",40,"N"
4340129,161787,"Aveeno Positively Ageless Eye External Liquid",45,"N"
4340130,162330,"UTI Home In Vitro Diagnostic Test",33,"N"
4340131,162292,"Urinary Tract Infection Test In Vitro Diagnostic Test",53,"N"
4340132,162281,"Todays Health Thin Lancets 28G",30,"N"
4340133,162277,"Todays Health Thin Lancets 30G",30,"N"
4340134,162276,"Todays Health Lancing Device",28,"N"
4340135,162413,"CVS Blood Pressure Monitor",26,"N"
4340136,162412,"Proteolin Oral Tablet",21,"N"
4340137,162411,"Microlife BP Monitor",20,"N"
4340138,162388,"QC Blood Pressure Monitor",25,"N"
4340139,162383,"One-A-Day VitaCraves Oral Tablet Chewable",41,"N"
4340140,162453,"Probiotic Pearls Oral Capsule",29,"N"
4340141,162448,"Florajen4Kids Oral Capsule",26,"N"
4340142,158247,"Easy Trak Blood Glucose Test In Vitro Strip",43,"N"
4340143,158246,"Easy Trak Blood Glucose System Device",37,"N"
4340144,159270,"Genestra HMF Oral Capsule",25,"N"
4340145,159269,"Genestra HMF Intensive Oral Capsule",35,"N"
4340146,159251,"Alpha-D-Galactosidase Oral Capsule",34,"N"
4340147,159250,"OptiChamber Advantage II",24,"N"
4340148,159249,"OptiChamber Advantage II/Small",30,"N"
4340149,159248,"OptiChamber Advantage II/Med",28,"N"
4340150,159247,"OptiChamber Advantage II/Large",30,"N"
4340151,159207,"PKU Lophlex LQ 20 Oral Liquid",29,"N"
4340152,160411,"Depend Underwear For Men L/XL",29,"N"
4340153,160410,"Depend Underwear For Men S/M",28,"N"
4340154,160395,"Coromega Omega 3 Kids Oral Emulsion",35,"N"
4340155,160756,"Cool Mist Humidifier 1.2 gal",28,"N"
4340156,160755,"Gentle Adhesive Bandages XL",27,"N"
4340157,160750,"Complete Multivitamin/Mineral Oral Liquid",41,"N"
4340158,160681,"SideStream Custom Nebulizer Kit",31,"N"
4340159,155850,"Blood Pressure Monitoring",25,"N"
4340160,155849,"Blood Pressure Monitoring Device",32,"N"
4340161,155848,"Blood Pressure Monitoring Kit",29,"N"
4340162,154266,"Influenza Vac Split High-Dose Intramuscular Suspension",54,"N"
4340163,160812,"Wright B100 Oral Capsule",24,"N"
4340164,160811,"Stro SAP-3 Oral Capsule",23,"N"
4340165,161733,"Adrien Gagnon Vitamin C Oral Tablet",35,"N"
4340166,161732,"Calcium Magnesium Oral Capsule",30,"N"
4340167,161731,"Tri-Balance Oral Tablet",23,"N"
4340168,161729,"Yogurt Oral Capsule",19,"N"
4340169,161753,"Lubriderm Intense Skin Repair External Lotion",45,"N"
4340170,161747,"Nutrasentials Oral Powder",25,"N"
4340171,161746,"Imiquimod Powder",16,"N"
4340172,162283,"Deb Sunprotect SPF33 External Cream",35,"N"
4340173,162282,"Enfamil Premium Newborn Oral Liquid",35,"N"
4340174,162272,"Boostrix-Polio Intramuscular Suspension",39,"N"
4340175,162271,"Sunscreen Spray SPF 50 External Liquid",38,"N"
4340176,162268,"Tetanus-Diphth-Acell Pert-IPV Intramuscular Suspension",54,"N"
4340177,155646,"Vios LC Sprint",14,"N"
4340178,156699,"Vitamin Forte Oral Capsule",26,"N"
4340179,156697,"Curity Ultra Fits Size 6",24,"N"
4340180,156695,"Curity Sleep Pants Large",24,"N"
4340181,156694,"Curity Sleep Pants Medium",25,"N"
4340182,156693,"Curity Run Arounds Girls 4T-5T",30,"N"
4340183,156692,"Curity Run Arounds Girls 3T-4T",30,"N"
4340184,156691,"Curity Run Arounds Boys 2T-3T",29,"N"
4340185,156690,"Curity Run Arounds Boys 4T-5T",29,"N"
4340186,156689,"Curity Run Arounds Boys 3T-4T",29,"N"
4340187,156687,"Vitaminis Oral Tablet Chewable",30,"N"
4340188,156626,"CeraVe Foaming Facial Cleanser External Liquid",46,"N"
4340189,156608,"Curity Run Arounds Girls 2T-3T",30,"N"
4340190,156607,"Wings Adult Briefs XXL",22,"N"
4340191,156586,"CeraVe AM SPF 30 External Lotion",32,"N"
4340192,156553,"Similac Advance Early Shield Oral Concentrate",45,"N"
4340193,156310,"Johnsons Body Care Melt Stress External Lotion",46,"N"
4340194,156291,"Johnsons Body Care Fresh External Lotion",40,"N"
4340195,156290,"Johnsons Body Care Healthy External Lotion",42,"N"
4340196,156289,"Johnsons Body Care Be Radiant External Lotion",45,"N"
4340197,155727,"Bull Frog Sheer Protection External Lotion",42,"N"
4340198,155726,"Bull Frog Quik Sport SPF 50 External Gel",40,"N"
4340199,153932,"Johnsons Kids No More Tangles External Liquid",45,"N"
4340200,156981,"SPF 30 Kids Sunscreen External Lotion",37,"N"
4340201,156980,"SPF 15 Sunburn Protection External Lotion",41,"N"
4340202,156979,"Advan Marine Biology Day Cream External Cream",45,"N"
4340203,156974,"Hand And Decollete Sunscreen External Cream",43,"N"
4340204,156948,"Protective Ointment External Ointment",37,"N"
4340205,156048,"Bull Frog Quik SPF50 External Gel",33,"N"
4340206,163737,"Chapstick Ultra Shimmer External Stick",38,"N"
4340207,163612,"Knee Support/Contour XL",23,"N"
4340208,163611,"Knee Support/Contour V-Large",28,"N"
4340209,163610,"Knee Support/Contour Small",26,"N"
4340210,163609,"Knee Support/Contour Medium",27,"N"
4340211,163608,"Knee Support/Contour Large",26,"N"
4340212,163607,"Elbow Support/Countour XL",25,"N"
4340213,163606,"Elbow Support/Countour Small",28,"N"
4340214,163467,"Elbow Support/Countour Med",26,"N"
4340215,163466,"Elbow Support/Countour Lg",25,"N"
4340216,163465,"Rib Belt/Mens XL",16,"N"
4340217,163464,"Rib Belt/Mens Small",19,"N"
4340218,163463,"Rib Belt/Mens Medium",20,"N"
4340219,163462,"Rib Belt/Mens Large",19,"N"
4340220,163945,"Smart Diabetes Vantage Lancing",30,"N"
4340221,163944,"Smart Diabetes Vantage Lancets",30,"N"
4340222,163942,"Smart Diabetes Xpres Test In Vitro Strip",40,"N"
4340223,163941,"Ultra Stress B Complex Oral Capsule",35,"N"
4340224,163939,"Ultra B Complex Oral Capsule",28,"N"
4340225,163922,"ValuLine Pneumatic Leg Wlkr Sm",30,"N"
4340226,163921,"ValuLine Pneumatic Leg Wlkr Md",30,"N"
4340227,163920,"ValuLine Pneumatic Leg Wlkr Lg",30,"N"
4340228,163919,"ValuLine Short Leg Walker Sm",28,"N"
4340229,163918,"ValuLine Short Leg Walker Med",29,"N"
4340230,163917,"ValuLine Short Leg Walker Lg",28,"N"
4340231,163574,"Wrist Splint/Neoprene Left Sm",29,"N"
4340232,163573,"Wrist Splint/Neoprene Left Med",30,"N"
4340233,163572,"Wrist Splint/Neoprene Left Lg",29,"N"
4340234,163566,"Tennis Elbow Strap/Support Pad",30,"N"
4340235,163546,"Wrist-Thumb Support/Neoprene S",30,"N"
4340236,163545,"Wrist-Thumb Support/Neoprene M",30,"N"
4340237,163544,"Wrist-Thumb Support/Neoprene L",30,"N"
4340238,163499,"TruSheer Pantyhose 20-30mmHg",28,"N"
4340239,163491,"TruSheer Stockings 20-30mmHg",28,"N"
4340240,163490,"TruSheer Pantyhose 30-40mmHg",28,"N"
4340241,163486,"Rib Belt/Womens Medium",22,"N"
4340242,163983,"Similasan Cold & Mucus Relief Oral Syrup",40,"N"
4340243,163981,"Iron SAP Oral Capsule",21,"N"
4340244,163980,"Prenatal SAP Oral Capsule",25,"N"
4340245,163970,"Inno-Cal-Mag Complex Oral Tablet Chewable",41,"N"
4340246,164505,"Mega Multivitamin for Men Oral Tablet",37,"N"
4340247,164503,"Mega Multivitamin for Women Oral Tablet",39,"N"
4340248,164502,"Areds Eye Formula Plus Omega 3 Oral Capsule",43,"N"
4340249,164499,"ProMed Osteoforte Oral Tablet",29,"N"
4340250,164497,"Carex Ultra Grabber 32""",23,"N"
4340251,164709,"Westcoast Naturals Vital-3 Oral Capsule",39,"N"
4340252,164705,"Multivitamin Plus Omega Oral Capsule",36,"N"
4340253,164925,"Dalfampridine Powder",20,"N"
4340254,164909,"Vitamin C (Calcium Ascorbate) Oral Solution Reconstituted",57,"N"
4340255,164891,"Ipol Injectable",15,"N"
4340256,150941,"Spectrum Pro Oral Tablet",24,"N"
4340257,150939,"B-50 Complex/Choline/Inositol Oral Tablet",41,"N"
4340258,150926,"Carb Intercept/Phase 2 Oral Capsule",35,"N"
4340259,151028,"Probiotic Product Oral Tablet",29,"N"
4340260,151026,"Probiotic Product Oral Packet",29,"N"
4340261,151025,"Probiotic Product Oral Tablet Chewable",38,"N"
4340262,151023,"Probiotic Product Oral Capsule",30,"N"
4340263,19508,"Similac Oral Concentrate",24,"N"
4340264,154806,"Similac Advance/Iron Oral Concentrate",37,"N"
4340265,154650,"Insyte Autoguard 14Gx1.75""",26,"N"
4340266,156107,"Cal-Mag with Zinc & D Oral Tablet",33,"N"
4340267,155969,"Kyolic Heart Health Formula Oral Capsule",40,"N"
4340268,158308,"Vitamin C (Calcium Ascorbate) Oral Powder",41,"N"
4340269,158287,"Nexdose Digital Assistant",25,"N"
4340270,162862,"Knee Wrap/Patellar Stablizing",29,"N"
4340271,162861,"Therapeutic Knee Guard",22,"N"
4340272,162859,"Neoprene Wrist Support",22,"N"
4340273,162856,"Wraparound Wrist Support",24,"N"
4340274,162855,"Tennis Elbow Strap",18,"N"
4340275,162853,"Cradle Arm Sling",16,"N"
4340276,162832,"Sacro Brace/Thermo-Pad",22,"N"
4340277,163245,"Paper Tape 1""x12yd Tape",23,"N"
4340278,163238,"Adult One Daily Gummies Oral Tablet Chewable",44,"N"
4340279,163216,"Vitaday Senior Oral Tablet",26,"N"
4340280,163215,"Certainty Adult Washcloths",26,"N"
4340281,163188,"Bugs Bunny & Friends Complete Oral Tablet Chewable",50,"N"
4340282,163186,"Flintstones Multi Vit Complete Oral Tablet Chewable",51,"N"
4340283,163142,"RA Crystal Lake Dist Water Oral Liquid",38,"N"
4340284,163286,"Ear Pain Relief Homeopathic Otic Solution",41,"N"
4340285,163283,"Probiotic Acidofilus Oral Tablet Chewable",41,"N"
4340286,163277,"Optivit Oral Tablet",19,"N"
4340287,158627,"MultiBase External Cream",24,"N"
