"PROD_ID","PROD_NM_30","DRG_DESC_ID"
2622,"Lactinex",158334
79757,"GNP Alcohol Swabs",144730
64621,"J & J First Aid Tape Cloth",161898
64622,"J & J First Aid Tape Cloth",161898
64716,"Johnsons Cotton Balls",161894
75603,"AllKare Adhesive Remover Wipes",862
476233,"Zoo Chews Gummies",137447
475858,"Prodigy No Coding Blood Gluc",145506
79150,"Similac",19508
69370,"Denture Adhesive",6076
21420,"Paradichlorobenzene",16296
472412,"Ambi Cocoa Butter Cleansing",148487
68035,"Ipol",164891
60112,"Lactinex",158334
145906,"Bayer Microlet Lancets",144678
469283,"Aloe Vesta Cleansing Foam",146425
469271,"Aloe Vesta Perineal/Skin",146422
469272,"Aloe Vesta Perineal/Skin",146422
469273,"Aloe Vesta Perineal/Skin",146422
204837,"Ipol",164891
205455,"Lactinex",158334
211875,"Aimsco Lubricated",161593
214157,"Ipol",164891
471686,"Universal Walker Organizer",147786
237078,"Tena Serenity Long",154846
467314,"Securi-T Ostomy Deodorant",145527
467301,"Securi-T Ostomy Belt",145525
467318,"Securi-T Stoma",145528
467370,"Securi-T No Sting Wipe",145544
487387,"Ear Pain Relief Homeopathic",163286
467633,"Sensi-Care Septi-Soft",145659
251403,"Tena Serenity",153806
251405,"Tena Serenity",153806
256377,"Tena Serenity Long",154846
482012,"BD Nexiva 24Gx0.56""",159830
280936,"Tena Serenity",153806
281274,"Similac Advance Early Shield",156553
282600,"Metamucil",160029
282601,"Metamucil",160029
315564,"Bayer Contour Test",144679
315565,"Bayer Contour Test",144679
316192,"Similac Sensitive Early Shield",158306
343489,"Moisturel Sensitive Skin",161697
358420,"Lactinex",158334
368607,"Juven Revigor",159867
401870,"AppTrim Lifestyles Bariatric",144759
401871,"AppTrim Lifestyles Obesity",144758
401872,"AppTrim Lifestyles Bariatric",144759
408763,"Prodigy No Coding Blood Gluc",145506
418796,"Enfagrow Premium Next Step",145100
424984,"Paradigm Silhouette 32"" 17mm",158992
425415,"Bayer Contour Test",144679
440387,"RA E-Zject Lancets Thin 28G",146978
453913,"Floranex",158333
474714,"Tranzgel",146467
454846,"Epiandrosterone",137420
454844,"Ammonium Phosphate Monobasic",137421
454928,"Ammonium Phosphate Dibasic",137487
454929,"Ampicillin Sodium",137473
454930,"Pentanol",137472
454931,"Angelica Root",137471
454883,"Zoo Chews Gummies",137447
454172,"EQL Childrens C",137079
453344,"Bayer Microlet 2 Lancing Devic",144689
454506,"Precision Scale",163859
455112,"TruForm Stockings 20-30mmHg",137578
455120,"FD&C Red #40 Aluminum Lake",137580
455045,"Cascara Sagrada Bark",137538
455118,"SM Mouth Rinse Antiseptic",137581
455119,"SM Mouth Rinse Antiseptic",137581
455121,"SM Mouth Rinse Antiseptic",137581
454862,"Decubi-Vite",137426
455011,"Banana Flavor",137536
455020,"Bitterness Suppressor Flavor",137537
455171,"Paradichlorobenzene",16296
454786,"Womens Bone Health",137407
456552,"Womens Bone Health",137407
455430,"Dexatrim Natural",137787
455431,"Dexatrim Natural Extra Energy",137789
455433,"Dexatrim Natural Decaf",137790
455440,"Dexatrim Max",137792
455442,"Dexatrim Max Evening Control",137796
455443,"Dexatrim Max2O",137797
455446,"Dexatrim Max2O",137797
455447,"Dexatrim Max2O",137797
455448,"Dexatrim Max2O",137797
455453,"Gold Bond Ultimate",137807
455895,"Gold Bond Ultimate",137807
469459,"Tranzgel",146467
459893,"Ipol",164891
459692,"Tena Serenity Underwear XL",161363
460462,"Prodigy No Coding Blood Gluc",145506
468403,"Securi-T Flexible Wafer/Flange",145551
468405,"Securi-T Flexible Wafer/Flange",145551
463049,"Glucocard 01 Sensor Plus",145078
466164,"Sure Comfort Lancets 28G",144738
466169,"Sure Comfort Lancets 28G",144738
466170,"Sure Comfort Lancets 30G",144739
466172,"Sure Comfort Lancets 30G",144739
465771,"Pari LC D Nebulizer",144479
466217,"UltraHeal Multi-Day",144769
465551,"Devon Jackson Table",144216
465552,"Devon Jackson Table",144216
465553,"Devon Andrews Table",144224
465554,"Devon Andrews Frame",144225
465555,"Devon Schlein Beach Chair",144226
465557,"Devon Wilson Frame",144227
465559,"Rightest GS100 Blood Glucose",144233
465377,"EQ Nutritional Shake",144099
465387,"EQ Nutritional Shake Plus",144102
465391,"EQ Nutritional Shake Plus",144102
465399,"EQ Nutritional Shake Plus",144102
465401,"EQ Nutritional Shake",144099
465405,"EQ Nutritional Shake",144099
465408,"Certain Dri AM",144113
465438,"Zewa Electrodes",144137
465441,"Zewa Electrodes",144137
465450,"MI Paste Plus",144142
465449,"MI Paste",144141
465172,"QC Daily Multivit/Multimineral",143957
465164,"QC Daily Multivitamins/Iron",143924
465166,"QC Mens Daily Multivitamin",143926
465167,"QC Multi-Vite 50 & Over",143931
468407,"Securi-T Flexible Wafer/Flange",145551
468408,"Securi-T Wafer/Flange",145552
468409,"Securi-T Wafer/Flange",145552
468410,"Securi-T Wafer/Flange",145552
468411,"Securi-T 2-Pc Convexity",145568
468412,"Securi-T 2-Pc Convexity",145568
468413,"Securi-T 2-Pc Convexity",145568
468414,"Securi-T 2-Pc Convexity",145568
465544,"Paradigm Silhouette 18"" 13mm",144213
465545,"Silhouette 13mm",144214
465546,"Silhouette 17mm",144215
465823,"GNP HeatWraps",144512
466044,"CVS Vaginal Moisturizer",144632
466046,"Poison Ivy Wash",144634
466420,"ChronoFlex",144941
466852,"ICaps",145260
466864,"Stress Shield",145279
466569,"Total Memory & Focus Formula",145046
466575,"Womens 50+ Multi Vitamin/Min",145050
466578,"Mens 50+ Multi Vitamin/Min",145054
466579,"Womens Multi Vitamin & Mineral",145055
466580,"Mens Multi Vitamin & Mineral",145056
466581,"Advanced Diabetic Multivitamin",145057
466583,"Probiotic & Acidophilus Ex St",145059
466584,"MultiSource Calcium Mag/D",145060
466585,"Total Cardio Health Formula",145061
466586,"Complete Menopause Health",145063
466604,"Silicone Elastomer Blend",145086
467362,"Poison Ivy Wash",144634
466557,"Toe-Aid",145020
466558,"Comfort-Aid 1.5""x2.5""",145021
466600,"Glucocard 01 Sensor Plus",145078
466602,"Glucocard 01 Control",145084
466601,"Hepatitis Support",145083
466572,"Digestive Support",145048
466596,"Glucose Management",145067
465741,"Kroger Blood Glucose Test",144335
465835,"PCCA Anhydrous Lipoderm Base",144514
467380,"Securi-T Flexible Wafer/Flange",145551
467382,"Securi-T Flexible Wafer/Flange",145551
467383,"Securi-T Flexible Wafer/Flange",145551
467384,"Securi-T Wafer/Flange",145552
467386,"Securi-T Wafer/Flange",145552
467426,"Securi-T Flexible Wafer/Flange",145551
467427,"Securi-T Flexible Wafer/Flange",145551
467428,"Securi-T Wafer/Flange",145552
467430,"Securi-T 2-Pc Convexity",145568
467431,"Securi-T 2-Pc Convexity",145568
467432,"Securi-T Skin Barrier",145571
467434,"Securi-T Conformable Seals",145569
467559,"DuoDERM CGF Spots Extra Thin",145623
467470,"Securi-T Curved Tail Closure",145580
467472,"Securi-T Night Drain Adapter",145581
467475,"Securi-T Skin Barrier",145582
467476,"Securi-T Flexible Wafer/Flange",145551
467478,"Securi-T Flexible Wafer/Flange",145551
467497,"Securi-T Flexible Wafer/Flange",145551
467499,"Securi-T Flexible Wafer/Flange",145551
467500,"Securi-T Flexible Wafer/Flange",145551
467510,"Securi-T Flexible Wafer/Flange",145551
467511,"Securi-T Flexible Wafer/Flange",145551
467623,"DuoDERM CGF Border",145658
467624,"DuoDERM CGF Border",145658
467625,"DuoDERM CGF Border",145658
467626,"DuoDERM CGF Border",145658
467627,"DuoDERM CGF Border",145658
467631,"Sensi-Care Septi-Soft",145659
466972,"Cesinex 20",145331
466976,"Cesinex 25",145333
466978,"Cesinex 30",145334
466980,"Cesinex 35",145335
466982,"Cesinex 40",145336
466984,"Cesinex 50",145337
466985,"Cesinex 60",145338
466987,"Cesinex 80",145339
466988,"Cesinex 100",145340
466990,"Cesinex 125",145341
466991,"Cesinex 150",145342
466998,"Boston Simplus",145347
467004,"Fresh Scent",145352
467005,"Romantic Mist",145353
467034,"First-BXN Mouthwash",145361
467045,"Vitamin D Plus CoFactors",145369
467046,"Cholesterol Defense",145370
466588,"Complete Prostate Health",145064
467213,"SB Complete Nutrition Plus",145504
467214,"SB Complete Nutrition Plus",145504
467215,"SB Complete Nutrition Plus",145504
467216,"SB Complete Nutrition",145505
467217,"SB Complete Nutrition",145505
467218,"SB Complete Nutrition",145505
467220,"SB Complete Nutrition",145505
466355,"Night Drainage System",144884
466356,"Night Drainage Tubing",144885
466359,"AllKare Adhesive Remover Wipes",862
466361,"AllKare Adhesive Remover Wipes",862
466461,"Elasto-Gel 4""x4""",144959
467219,"Prodigy No Coding Blood Gluc",145506
467237,"NasalCare",145514
467229,"Prodigy Lancing Device",145512
466528,"Elasto-Gel 4""x4""",144959
466897,"SAF-Clens AF",145288
466956,"Visi-Flow Irrigation Closure",145325
466259,"Accu-Chek Tender 1 Infusion",144821
466258,"Accu-Chek Tender 1 Infusion",144821
466606,"Enfamil Premium LIPIL",145087
469121,"Century Mature",137320
469123,"Century Mature",137320
467485,"Aquacel Hydrofiber 3/4""x18""",145598
467579,"Infinity Blood Glucose Test",145634
467584,"Acura Blood Glucose Test",145635
467974,"Taurine",145780
468044,"Nuvorawhite",145797
468223,"Securi-T Flexible Wafer/Flange",145551
468224,"Securi-T Flexible Wafer/Flange",145551
468225,"Securi-T Flexible Wafer/Flange",145551
468226,"Securi-T Flexible Wafer/Flange",145551
468277,"Securi-T Wafer/Flange",145552
468278,"Securi-T Wafer/Flange",145552
468279,"Securi-T Wafer/Flange",145552
468415,"Securi-T Wafer/Flange",145552
468416,"Securi-T Conformable Seals",145569
470379,"Duane Reade Lancet Altern Site",144074
469675,"BioGaia",146548
469711,"Similac Advance Early Shield",154766
470588,"Ultra Thin Lancets 28G",146977
469518,"PX Heatwraps Back/Hip",146482
470049,"Visi-Flow Irrigation Closure",145325
470050,"Visi-Flow Irrigation Closure",145325
470051,"Visi-Flow Irrigation Closure",145325
470052,"Visi-Flow Irrigation Closure",145325
469755,"Probiotic Formula",146288
469094,"Embrace Blood Glucose Test",146351
469098,"Embrace Blood Glucose Monitor",146343
468956,"Acai Weight Control",146305
469377,"Zoo Chews Gummies",137447
469480,"ClearLax",146469
469486,"ClearLax",146470
468816,"Pro-biotic Blend",146226
468878,"Multi Vitamin/Minerals",146284
469333,"CO-Q 10 Omega-3 Fish Oil",146431
469334,"Vision Plus",146432
469337,"Antioxidant",146433
469467,"Osteo Bi-Flex Adv Double St",146468
468759,"DermaPlex",146187
471011,"KetoVolve 4:1",147196
469899,"TruForm Stockings 20-30mmHg",137578
469900,"TruForm Stockings 20-30mmHg",137578
469901,"TruForm Stockings 20-30mmHg",137578
469903,"TruForm Stockings 20-30mmHg",137578
469904,"TruForm Stockings 20-30mmHg",137578
469905,"TruForm Stockings 20-30mmHg",137578
469915,"TruForm Stockings 20-30mmHg",137578
469916,"TruForm Stockings 20-30mmHg",137578
469917,"TruForm Stockings 20-30mmHg",137578
469918,"TruForm Stockings 20-30mmHg",137578
469919,"TruForm Stockings 20-30mmHg",137578
469920,"TruForm Stockings 20-30mmHg",137578
469921,"TruForm Stockings 20-30mmHg",137578
469922,"TruForm Stockings 20-30mmHg",137578
469927,"TruForm Stockings 20-30mmHg",137578
469929,"TruForm Stockings 20-30mmHg",137578
469930,"TruForm Stockings 20-30mmHg",137578
469931,"TruForm Stockings 20-30mmHg",137578
470333,"Duane Reade Lancet Ultra Thin",144073
472438,"Ambi Soft & Even Stretch Mark",148502
472439,"Aveeno Advanced Care Body Wash",148503
471933,"CVS Supreme Diapers S2",147988
472434,"Sleep Overs Large/X-Large",148498
472435,"Sleep Overs Small/Medium",148499
472031,"Grandpas Pine Tar Conditioner",148086
472172,"NeutraSal",148208
472351,"Sensi-Care Septi-Soft",145659
472813,"Control Denture Adhesive",148750
473083,"FORA G20 Blood Glucose Test",149017
470806,"ClearLax",146469
471172,"Prosacea",147358
471537,"Flavorx",147679
471625,"Prodigy Lancing Device",145512
471281,"Emjoi TENS",147441
471579,"Bee Pollen-Propolis-RoyalJelly",147697
471587,"Hair Fare",147712
471581,"Multi-Vitamin Menopausal",147706
471578,"Acidophilus Probiotic Blend",147703
471584,"Milltrium Stamina Plus",147709
471585,"Multi-Lean",147710
471582,"Daily Vitamin Plus",147707
471568,"Super-C 1000",147701
471586,"Magnum-75",147711
471583,"Hi-Potency Multi-Vitamin",147708
471570,"Childrens Probitic",147702
471580,"B-Complex High Potency",147705
471589,"TheraBetic Eye Health",147714
471095,"Milltrium Cardio",147267
471102,"Thera-mill",147280
471103,"Thera-mill M",147282
471104,"Daily-Vitamin",5757
471105,"Daily-Vitamin/Iron",147285
471106,"Daily Womens Health Formula",147287
471107,"Daily Mens Health Formula",147288
470990,"Woundgard 2-1/2""x2-1/2""",147187
470991,"Woundgard 4""x4-1/4""",147188
470992,"Woundgard 4""x6""",147189
471501,"Infinity Blood Glucose Test",145634
470664,"OmniPod Starter",146981
470665,"OmniPod",146982
471109,"Daily-Vitamin Maximum Formula",147290
474426,"MI Paste Plus",144142
473491,"KetoCal 4:1",149406
473492,"RA Moisturizing Therapy",149407
473476,"Tegaderm Alginate AG Dressing",149367
473477,"Tegaderm Alginate AG Rope",149368
473479,"Tegaderm Matrix Dressing",149369
473482,"Fixodent Free",149388
472195,"Folding Commode",148236
472196,"Commode Bedside",148237
472207,"Enfamil Gentlease LIPIL",148245
472803,"Wings Bariatric Adult Briefs",148748
472416,"Sure-Lance Flat Lancets",148489
471888,"Carex Coccyx Cushion",147929
471852,"Blood Collection Tube Holder",147906
471855,"VanishPoint 24Gx3/4"" PUR",147908
471856,"VanishPoint 24Gx3/4"" FEP",147909
471857,"VanishPoint 22Gx1"" PUR",147910
471858,"VanishPoint 22Gx1"" FEP",147911
471859,"VanishPoint 20Gx1-1/4"" PUR",147912
471860,"VanishPoint 20Gx1-1/4"" FEP",147913
471861,"VanishPoint 18Gx1-1/4"" PUR",147914
471863,"VanishPoint 18Gx1-1/4"" FEP",147916
472561,"Denture Adhesive",6076
472251,"Formula 405 Moisturizing",148306
472259,"Formula 405 Facial & Body",148312
472239,"Formula 405 Light Moisturizer",148289
472240,"Formula 405 A.H.A Cleanser",148290
472241,"Formula 405 A.H.A Facial Night",148291
472265,"Formula 405 Body Smoothing",148317
472787,"Formula 405 Le Pont Nail",148725
472790,"DPM",148726
472801,"TxSystems B-LIFTx 2\0",148746
472802,"TxSystems B-LIFTx 3\0",148747
472763,"Pharmabase Heavy",148716
472711,"Pharmabase Light",148686
472827,"Acacia Milled",148759
472836,"Cherry Flavor",148763
472837,"Carbopol 934P Resin",148764
472811,"EPT Stick Triple",148749
472812,"EPT Digital Stick Double",148755
472814,"EPT Digital Stick Triple",148751
472855,"Unibase",148768
472413,"Ambi Complexion Cleansing",148488
472430,"Ambi Even & Clear Minimizer",148495
472431,"Ambi Fade Normal Skin",148496
472432,"Ambi Fade Oily Skin",148497
472436,"Ambi Soft & Even Creamy Oil",148500
472437,"Ambi Soft & Even Skin Moisture",148501
476365,"Insyte Autoguard 18Gx1.16""",165116
475325,"S.O.S. 10",151203
475326,"S.O.S. 15",151204
475327,"S.O.S. 20",151206
475329,"S.O.S. 25",151208
477137,"ClearLax",146469
477261,"Johnsons Baby Wash",152469
477262,"Johnsons Baby Wash",152469
477192,"Chicken Roasted Concentrate",153047
477202,"Carbopol 934 Resin",153054
477214,"Phillips Colon Health",153067
477251,"New Image Urostomy 70MM",153146
477252,"New Image Skin Barrier/Flange",153147
477253,"New Image Urostomy 70MM",153146
476981,"Provenge",152788
476610,"14-Count Warmer",152418
476604,"Prevalon Foot/Leg Wedge",152414
476606,"Prevalon Heel Protector/Petite",152416
476607,"Prevalon Heel Protector/Petite",152416
476608,"Prevalon Heel Protector",152417
476609,"Prevalon Heel Protector",152417
476605,"Prevalon Heel Protector/Wedge",152415
476677,"Johnsons Baby Wash",152469
476994,"Similac Advance Complete",152808
475460,"GNP Ovulation Predictor",144735
475081,"Carb Intercept/Phase 2",150926
475287,"GNP Soothing Bath Treatment",151167
475314,"Monistat 3 Combination Pack",151191
475251,"Aveeno Baby Essential Care",151126
478222,"Assure Platinum Meter",154367
478223,"Assure Platinum",154366
478221,"Assure Platinum",154366
478521,"Similac Advance Early Shield",154766
478531,"Similac Go & Grow Early Shield",154786
478582,"Everyday Pantiliners Long",154831
478772,"PX Superstrip 1""x3""",155066
478743,"PenDerm",155008
478323,"Cranberry/Chokeberry",154513
478811,"Similac Go & Grow Early Shield",154786
478206,"Floranex",158333
478447,"Insyte Autoguard 14Gx1.75""",154650
477182,"Glucosamine-Chondroitin Sulf",153031
477612,"GNP Sodium Silicate",144635
477613,"GNP Alcohol Denatured",144637
478291,"KLS LaxaClear",154466
478311,"New Image Colostomy 1-3/4""",154514
478324,"New Image Colostomy 1-3/4""",154514
478325,"New Image Colostomy 1-3/4""",154514
478326,"New Image Colostomy 1-3/4""",154514
479018,"Sensi-Care Septi-Soft",145659
479823,"Vitamin Forte",156699
477832,"Johnsons Kids No More Tangles",153932
479530,"Johnsons Body Care Be Radiant",156289
479532,"Johnsons Body Care Healthy",156290
479534,"Johnsons Body Care Fresh",156291
479547,"Johnsons Body Care Melt Stress",156310
479979,"Tena Serenity",153806
480737,"RA Skin Treatment",157971
480712,"RA Blood Pressure Cuff Monitor",157946
480714,"RA Blood Pressure Cuff Monitor",157946
480642,"Similac Advance Early Shield",156553
480651,"Similac Sensitive",157866
480688,"Ensure Clinical St Revigor",157898
480708,"Ensure Clinical St Revigor",157898
480711,"Ensure Clinical St Revigor",157898
480695,"Ensure Bone Health Revigor",157907
480704,"Ensure Bone Health Revigor",157907
479763,"Wings Adult Briefs XXL",156607
479764,"Curity Run Arounds Girls 2T-3T",156608
479809,"Curity Run Arounds Boys 3T-4T",156689
479810,"Curity Run Arounds Boys 4T-5T",156690
479811,"Curity Run Arounds Boys 2T-3T",156691
479812,"Curity Run Arounds Girls 3T-4T",156692
479813,"Curity Run Arounds Girls 4T-5T",156693
479814,"Curity Sleep Pants Medium",156694
479815,"Curity Sleep Pants Large",156695
479817,"Curity Ultra Fits Size 6",156697
480142,"RA Feminine Wash Sensitive",157186
479552,"Johnsons Body Care Fresh",156291
480085,"RA Laxative",157227
477681,"Tena Serenity",153806
479896,"RA Tugaboos Baby (Talc)",157187
479142,"Vios LC Sprint",155646
479752,"CeraVe AM SPF 30",156586
479771,"CeraVe Foaming Facial Cleanser",156626
479199,"Bull Frog Quik Sport SPF 50",155726
479206,"Bull Frog Sheer Protection",155727
479664,"Bull Frog Sheer Protection",155727
479391,"Bull Frog Marathon Mist SPF50",156046
479393,"Bull Frog Quik SPF50",156048
478894,"Tena Serenity Underwear Medium",161364
481062,"BioThrax",158406
481874,"Coromega Omega 3+D Squeeze",159729
481875,"Coromega Omega 3+D Squeeze",159729
482303,"Accu-Chek Softclix Lancet Dev",160086
480982,"Nexdose Digital Assistant",158287
482121,"Premium Training Pants 2T-3T",159968
482122,"Premium Training Pants 2T-3T",159968
482488,"Lavender Nitrile Gloves/Medium",160282
481731,"SM Echinacea-Goldenseal",159387
482013,"BD Nexiva 24Gx0.75""",159831
482014,"BD Nexiva 22Gx1""",159832
482015,"BD Nexiva 20Gx1""",159833
482017,"BD Nexiva 20Gx1.25""",159835
482020,"BD Nexiva 20Gx1.75""",159838
482022,"BD Nexiva 18Gx1.25""",159840
482023,"BD Nexiva 18Gx1.75""",159841
482234,"K-Y Yours+Mine Kissable",160028
482225,"K-Y Liquibeads",160027
482091,"J & J Reach Cleanpaste",159926
482092,"J & J Reach Total Care",159927
481841,"Johnsons Natural Baby",159666
481842,"Johnsons Natural 2-in-1 Wash",159667
481843,"Johnsons Natural Baby",159668
481844,"Johnsons Baby Oil Body Wash",159669
481845,"Johnsons Baby Oil Shea/Cocoa",159670
481846,"Johnsons Baby Wash Shea/Cocoa",159671
481847,"Johnsons Baby Oil Shea/Cocoa",159670
480981,"Similac Advance Organic",158286
480983,"Similac Advance Early Shield",156553
481045,"Similac Advance Kosher",158346
482565,"UltraHeal Multi-Day",144769
480861,"RA Laxative",157227
481945,"FORA D20 Blood Glucose Test",159769
482187,"GRX Rinse-Free",160024
482188,"Carb-O-Sal 5",160025
481421,"Similac Expert Care NeoSure/Fe",158946
481331,"Ensure Immune Health",158826
481334,"Ensure Immune Health",158826
481338,"Ensure Immune Health",158826
481624,"HealthyLax",159166
481625,"PKU Lophlex LQ 20",159207
482329,"Johnsons Baby Pure Cornstarch",160126
482330,"Johnsons Natural Baby",159668
480944,"Easy Trak Blood Glucose System",158246
480945,"Easy Trak Blood Glucose Test",158247
480993,"Vitamin C (Calcium Ascorbate)",164909
480994,"Vitamin C (Calcium Ascorbate)",164909
481381,"Noble Mystique Body Cleanser",158886
482054,"Juven Revigor",159867
483158,"Cool Mist Humidifier 1.2 gal",160756
483053,"Cholecalciferol",160660
482662,"Dehydroepiandrosterone Micro",160387
482991,"J & J Reach Total Care Plus",160637
482994,"Listerine Zero",160639
482995,"Listerine Zero",160639
482996,"Listerine Zero",160639
482997,"Listerine Zero",160639
482999,"Reach Total Care + Whitening",160642
483000,"Reach Total Care + Whitening",160642
483003,"Tena Women Heavy Protect S/M",160643
483004,"Tena Men Heavy Protection M/L",160644
483005,"Tena Men Heavy Protection XL",160645
483052,"Wet-Stop 3",160666
483023,"MicroElite Filter Replacements",160650
483036,"AsthmaPack for Children",160653
483102,"SideStream Custom Nebulizer",160681
483006,"Ambi Essentials Daily",160646
483008,"Ambi Essentials Gentle Cleansr",160647
483145,"Complete Multivitamin/Mineral",160750
482678,"Coromega Omega 3 Kids",160395
482772,"ClearLax",146469
483007,"Inspiration Elite Compress/Neb",160679
483141,"Gentle Adhesive Bandages XL",160755
484348,"Premier Urostomy Kit 64MM",161415
483832,"PrismaSol B22GK 4/0",161077
484698,"J & J Reach Cleanpaste",159926
484722,"Glutathione-L Reduced",161646
484455,"FORA G30a Blood Glucose System",161474
484456,"FORA G30a Blood Glucose Test",161475
484458,"FORA V30a Blood Glucose System",161476
484459,"FORA V30a Blood Glucose Test",161477
484452,"FORA G90 Blood Glucose System",161472
484453,"FORA G90 Blood Glucose Test",161473
484235,"Tena Serenity",153806
484259,"Stayfree Ultra Thin Long",161358
484246,"Stayfree Maxi Overnight",161353
484247,"Stayfree Maxi Overnight",161353
484248,"Tena Serenity Wipes",161355
484266,"Stayfree Ultra Thin Long",161358
484324,"TGT Baby Diapers Size 1",161408
484327,"TGT Baby Diapers Size 2",161409
484328,"TGT Baby Diapers Size 3",161410
484329,"TGT Baby Diapers Size 4",161411
484330,"TGT Baby Diapers Size 5",161412
484331,"TGT Baby Diapers Size 6",161413
484332,"TGT Baby Diapers Size 3",161410
484333,"TGT Baby Diapers Size 4",161411
484334,"TGT Baby Diapers Size 6",161413
484335,"TGT Baby Diapers Newborn",161414
484336,"TGT Baby Diapers Size 2",161409
484337,"TGT Baby Diapers Size 3",161410
484338,"TGT Baby Diapers Size 4",161411
484339,"TGT Baby Diapers Size 5",161412
484323,"Head Halter Over Door Traction",161407
484273,"Tena Serenity",153806
484275,"Tena Serenity",153806
484276,"Tena Serenity Male Guards",161359
484277,"Tena Serenity Underwear Large",161360
484279,"Listerine Whitening",161361
484294,"Tena Serenity Male Guards",161359
484295,"Tena Serenity Underwear Large",161360
484296,"Tena Serenity Underwear Medium",161364
484298,"Tena Serenity Underwear Large",161360
484797,"Paraffin Wax Beads",161705
484804,"Ascorbic Acid Cassave",161711
483493,"ClearLax",146469
483494,"ClearLax",146470
484350,"Methocel E4M Premium CR",161416
484641,"Listerine Whitening",161361
484642,"Listerine Whitening",161361
484643,"Listerine Whitening",161361
484644,"Listerine Whitening",161361
484252,"Prevail for Women Small/Medium",161356
484256,"Prevail for Women Large",161357
483737,"Enfamil Gentlease LIPIL",148245
484697,"J & J Reach Cleanpaste",159926
484886,"Imiquimod",161746
484957,"Aveeno Positively Ageless Eye",161787
484961,"Aveeno Positively Smooth",161788
485346,"Johnsons Baby Wash Shea/Cocoa",159671
485345,"Johnsons Baby Wash Shea/Cocoa",159671
485328,"Nutrasentials",161747
485336,"Nutrasentials",161747
485338,"Nutrasentials",161747
485592,"One-A-Day VitaCraves",162383
485620,"Proteolin",162412
485547,"UTI Home",162330
485510,"Enfamil Premium Newborn",162282
485506,"Todays Health Lancing Device",162276
485507,"Todays Health Thin Lancets 30G",162277
485508,"Todays Health Thin Lancets 28G",162281
485509,"Todays Health Thin Lancets 28G",162281
485598,"QC Blood Pressure Monitor",162388
485621,"CVS Blood Pressure Monitor",162413
485628,"RA Blood Pressure Cuff Monitor",157946
485370,"Johnsons Baby Hand/Face Wipes",162106
485650,"J & J First Aid Tape Cloth",161898
485651,"J & J First Aid Tape Cloth",161898
484889,"Nutrasentials",161747
484890,"Nutrasentials",161747
485044,"RoC Deep Wrinkle Serum",161866
484992,"Aveeno Positively Ageless Nght",161886
484993,"Aveeno Positively Ageless Eye",161887
484909,"Lubriderm Intense Skin Repair",161753
484910,"Lubriderm Intense Skin Repair",161753
485030,"Aveeno Positively Ageless Nght",161886
485046,"RoC Retinol Correxion SPF30",161868
485039,"RoC CompleteLift Eye",161862
485048,"RoC Age Diminishing Night",161870
485049,"RoC Age Diminishing SPF15",161871
485050,"RoC Age Diminishing Cleanser",161872
485051,"RoC Multi-Correxion Cleanser",161873
485061,"UltraHeal Multi-Day",144769
485062,"J & J Cooling Relief Adhesive",161888
485063,"UltraHeal Multi-Day",144769
485067,"Johnsons Body Care Refreshing",161889
485047,"RoC CompleteLift SPF30",161869
485038,"RoC Retinol Correxion",161861
485040,"RoC Multi-Correxion Eye",161863
485041,"RoC Multi-Correxion Night",161864
485042,"RoC Retinol Correxion",161861
485078,"J & J First Aid Tape Cloth",161898
485043,"RoC Retinol Correxion Night",161865
485045,"RoC Retinol Correxion Hand",161867
485069,"J & J First Aid Deluxe",161891
485070,"Johnsons Cosmetic Rounds",161893
485071,"Johnsons Cotton Balls",161894
485074,"J & J First Aid Emergency",161897
485325,"Nutrasentials",161747
485326,"Nutrasentials",161747
485327,"Nutrasentials",161747
485682,"Florajen Acidophilus",162446
485683,"Florajen Acidophilus",162446
485684,"Florajen BifidoBlend",162447
485685,"Florajen4Kids",162448
485691,"Probiotic Pearls",162453
485528,"SudaCare Advanced Refill",162306
485944,"GentleLax",162506
485946,"GentleLax",162507
486013,"Miconazole 3 Combo Pack App",162559
486711,"Sacro Brace/Thermo-Pad",162832
486729,"Cradle Arm Sling",162853
486731,"Tennis Elbow Strap",162855
486732,"Wraparound Wrist Support",162856
486737,"Neoprene Wrist Support",162859
486742,"Therapeutic Knee Guard",162861
486743,"Knee Wrap/Patellar Stablizing",162862
486745,"Neoprene Wrist Support",162859
486755,"Cradle Arm Sling",162853
486759,"Sacro Brace/Thermo-Pad",162832
487215,"RA Crystal Lake Dist Water",163142
487591,"Rib Belt/Mens Large",163462
487592,"Rib Belt/Mens Medium",163463
487593,"Rib Belt/Mens Small",163464
487594,"Rib Belt/Mens XL",163465
487595,"Elbow Support/Countour Lg",163466
487596,"Elbow Support/Countour Med",163467
487900,"Elbow Support/Countour Small",163606
487901,"Elbow Support/Countour XL",163607
487902,"Knee Support/Contour Large",163608
487903,"Knee Support/Contour Medium",163609
487904,"Knee Support/Contour Small",163610
487905,"Knee Support/Contour V-Large",163611
487906,"Knee Support/Contour XL",163612
487343,"Elbow Support/Neoprene Large",163271
487344,"Elbow Support/Neoprene Medium",163272
487345,"Elbow Support/Neoprene Small",163273
487346,"Elbow Support/Neoprene XL",163274
487361,"TruSheer Stockings 30-40mmHg",163284
487362,"TruSheer Stockings 30-40mmHg",163284
487363,"TruSheer Stockings 30-40mmHg",163284
487364,"TruSheer Stockings 30-40mmHg",163284
487365,"TruSheer Stockings 30-40mmHg",163284
487366,"TruSheer Stockings 30-40mmHg",163284
487367,"TruSheer Stockings 30-40mmHg",163284
487368,"TruSheer Stockings 30-40mmHg",163284
487369,"TruSheer Stockings 30-40mmHg",163284
487370,"TruSheer Stockings 30-40mmHg",163284
487371,"TruSheer Stockings 30-40mmHg",163284
487372,"TruSheer Stockings 30-40mmHg",163284
487373,"TruSheer Stockings 30-40mmHg",163284
487374,"TruSheer Stockings 30-40mmHg",163284
487375,"TruSheer Stockings 30-40mmHg",163284
487376,"TruSheer Stockings 30-40mmHg",163284
487377,"TruSheer Stockings 30-40mmHg",163284
487378,"TruSheer Stockings 30-40mmHg",163284
487379,"TruSheer Stockings 30-40mmHg",163284
487380,"TruSheer Stockings 30-40mmHg",163284
487381,"TruSheer Stockings 30-40mmHg",163284
487382,"TruSheer Stockings 30-40mmHg",163284
487383,"TruSheer Stockings 30-40mmHg",163284
487384,"TruSheer Stockings 30-40mmHg",163284
487244,"Knee Support/Elastic/Firm Lg",163187
487246,"Knee Support/Elastic/Firm Med",163189
487247,"Knee Support/Elastic/Firm Sm",163190
487248,"Knee Support/Elastic/Firm XL",163191
487251,"Knee Brace/Flex Stays Large",163194
487252,"Knee Brace/Flex Stays Medium",163195
487253,"Knee Brace/Flex Stays Small",163196
487254,"Knee Brace/Flex Stays XL",163197
487255,"Knee Brace/Hor-Shu Supp Pad Lg",163198
487256,"Knee Brace/Hor-Shu Supp Pad M",163199
487257,"Knee Brace/Hor-Shu Supp Pad Sm",163200
487258,"Knee Brace/Hor-Shu Supp Pad XL",163201
487259,"Sports Support Large",163202
487260,"Sports Support Medium",163203
487261,"Sports Support Small",163204
487262,"Sports Support XL",163205
487263,"Sports Support Youth",163206
487265,"Sports Brief Large",163208
487266,"Sports Brief Regular",163209
487267,"Knee Support/Neoprene/Oval Lg",163210
487268,"Knee Support/Neoprene/Oval Med",163211
487269,"Knee Support/Neoprene/Oval Sm",163212
487228,"Ankle Brace/Flexible Stays XL",163172
487229,"Ankle Support/Elastic/Sheer Lg",163173
487230,"Ankle Support/Elastic/Sheer M",163174
487231,"Ankle Support/Elastic/Sheer Sm",163175
487232,"Ankle Support/Elastic/Sheer XL",163176
487271,"Certainty Adult Washcloths",163215
487301,"Adult One Daily Gummies",163238
487305,"Paper Tape 1""x12yd",163245
487233,"Knee Brace/Hinged Bars Large",163177
487234,"Knee Brace/Hinged Bars Medium",163178
487235,"Knee Brace/Hinged Bars Small",163179
487236,"Knee Brace/Hinged Bars XL",163180
487440,"Easy Plus Blood Glucose Test",163332
487443,"Easy Plus Blood Glucose System",163334
487447,"Dantrolene Sodium",163335
488071,"TruForm Stockings 20-30mmHg",137578
488072,"TruForm Stockings 20-30mmHg",137578
488074,"TruForm Stockings 20-30mmHg",137578
488075,"TruForm Stockings 20-30mmHg",137578
488077,"TruForm Stockings 20-30mmHg",137578
488078,"TruForm Stockings 20-30mmHg",137578
487605,"TruSheer Pantyhose 30-40mmHg",163490
487606,"TruSheer Pantyhose 30-40mmHg",163490
487607,"TruSheer Pantyhose 30-40mmHg",163490
487608,"TruSheer Pantyhose 30-40mmHg",163490
487610,"TruSheer Pantyhose 30-40mmHg",163490
487611,"TruSheer Pantyhose 30-40mmHg",163490
487612,"TruSheer Pantyhose 30-40mmHg",163490
487613,"TruSheer Pantyhose 30-40mmHg",163490
487614,"TruSheer Pantyhose 30-40mmHg",163490
487615,"TruSheer Pantyhose 30-40mmHg",163490
487616,"TruSheer Pantyhose 30-40mmHg",163490
487617,"TruSheer Pantyhose 30-40mmHg",163490
487618,"TruSheer Stockings 20-30mmHg",163491
487619,"TruSheer Stockings 20-30mmHg",163491
487620,"TruSheer Stockings 20-30mmHg",163491
487621,"TruSheer Stockings 20-30mmHg",163491
487622,"TruSheer Stockings 20-30mmHg",163491
487623,"TruSheer Stockings 20-30mmHg",163491
487624,"TruSheer Stockings 20-30mmHg",163491
487625,"TruSheer Stockings 20-30mmHg",163491
487626,"TruSheer Stockings 20-30mmHg",163491
487627,"TruSheer Stockings 20-30mmHg",163491
487628,"TruSheer Stockings 20-30mmHg",163491
487629,"TruSheer Stockings 20-30mmHg",163491
487632,"TruSheer Stockings 20-30mmHg",163491
487633,"TruSheer Stockings 20-30mmHg",163491
487634,"TruSheer Stockings 20-30mmHg",163491
487635,"TruSheer Stockings 20-30mmHg",163491
487636,"TruSheer Stockings 20-30mmHg",163491
487637,"TruSheer Stockings 20-30mmHg",163491
487638,"TruSheer Stockings 20-30mmHg",163491
487639,"TruSheer Stockings 20-30mmHg",163491
487640,"TruSheer Stockings 20-30mmHg",163491
487641,"TruSheer Stockings 20-30mmHg",163491
487642,"TruSheer Stockings 20-30mmHg",163491
487643,"TruSheer Stockings 20-30mmHg",163491
487649,"TruSheer Pantyhose 20-30mmHg",163499
487650,"TruSheer Pantyhose 20-30mmHg",163499
487651,"TruSheer Pantyhose 20-30mmHg",163499
487652,"TruSheer Pantyhose 20-30mmHg",163499
487653,"TruSheer Pantyhose 20-30mmHg",163499
487654,"TruSheer Pantyhose 20-30mmHg",163499
487655,"TruSheer Pantyhose 20-30mmHg",163499
487656,"TruSheer Pantyhose 20-30mmHg",163499
487657,"TruSheer Pantyhose 20-30mmHg",163499
487658,"TruSheer Pantyhose 20-30mmHg",163499
487659,"TruSheer Pantyhose 20-30mmHg",163499
487660,"TruSheer Pantyhose 20-30mmHg",163499
487812,"Tennis Elbow Strap/Support Pad",163566
487813,"Tennis Elbow Strap/Support Pad",163566
487814,"Tennis Elbow Strap/Support Pad",163566
487816,"Tennis Elbow Strap/Support Pad",163566
487817,"Tennis Elbow Strap/Support Pad",163566
487819,"Tennis Elbow Strap/Support Pad",163566
487820,"Elbow Support/Neoprene Large",163271
487821,"Elbow Support/Neoprene Medium",163272
487822,"Elbow Support/Neoprene Small",163273
487823,"Elbow Support/Neoprene XL",163274
487824,"Elbow Support/Neoprene Large",163271
487825,"Elbow Support/Neoprene Medium",163272
487826,"Elbow Support/Neoprene Small",163273
487842,"Wrist-Thumb Support/Neoprene M",163545
487843,"Wrist-Thumb Support/Neoprene S",163546
487857,"Wrist Splint/Neoprene Left Lg",163572
487858,"Wrist Splint/Neoprene Left Med",163573
487859,"Wrist Splint/Neoprene Left Sm",163574
487841,"Wrist-Thumb Support/Neoprene L",163544
488073,"Chapstick Ultra Shimmer",163737
488076,"Chapstick Ultra Shimmer",163737
488321,"ValuLine Short Leg Walker Lg",163917
488322,"ValuLine Short Leg Walker Med",163918
488323,"ValuLine Short Leg Walker Sm",163919
488324,"ValuLine Short Leg Walker Lg",163917
488325,"ValuLine Short Leg Walker Med",163918
488326,"ValuLine Short Leg Walker Sm",163919
488327,"ValuLine Pneumatic Leg Wlkr Lg",163920
488328,"ValuLine Pneumatic Leg Wlkr Md",163921
488329,"ValuLine Pneumatic Leg Wlkr Sm",163922
488330,"ValuLine Pneumatic Leg Wlkr Lg",163920
488331,"ValuLine Pneumatic Leg Wlkr Md",163921
488332,"ValuLine Pneumatic Leg Wlkr Sm",163922
488387,"Smart Diabetes Xpres Test",163942
488389,"Smart Diabetes Vantage Lancets",163944
488390,"Smart Diabetes Vantage Lancing",163945
488825,"SourceCF",164167
488164,"Aquacel Hydrofiber 0.39""x18""",163818
488995,"Aveeno Positively Nourishing",164296
488996,"Aveeno Positively Nourishing",164296
489003,"Johnsons Gentle Care Gift Set",164304
489010,"Johnsons Natural Gift Set",164309
488915,"Aveeno Baby Mineralblock SPF50",164220
488943,"Aveeno Smart Essentials Scrub",164245
488080,"TruForm Stockings 20-30mmHg",137578
488081,"TruForm Stockings 20-30mmHg",137578
488082,"TruForm Stockings 20-30mmHg",137578
488083,"TruForm Stockings 20-30mmHg",137578
488084,"TruForm Stockings 20-30mmHg",137578
488085,"TruForm Stockings 20-30mmHg",137578
488086,"TruForm Stockings 20-30mmHg",137578
488087,"TruForm Stockings 20-30mmHg",137578
488088,"TruForm Stockings 20-30mmHg",137578
488089,"TruForm Stockings 20-30mmHg",137578
488090,"TruForm Stockings 20-30mmHg",137578
488091,"TruForm Stockings 20-30mmHg",137578
488092,"TruForm Stockings 20-30mmHg",137578
488093,"TruForm Stockings 20-30mmHg",137578
488094,"TruForm Stockings 20-30mmHg",137578
488095,"TruForm Stockings 20-30mmHg",137578
488096,"TruForm Stockings 20-30mmHg",137578
488202,"Hylatopic Plus/Aurstat",163850
488805,"K-Pax Immune Professional St",164148
488946,"Aveeno Smart Essentials Wash",164247
488949,"Aveeno Smart Essentials",164250
488957,"Clean & Clear Finishes",164254
488958,"RoC Multi Correxion Lift Eye",164255
488959,"RoC Multi Correxion Lift Serum",164256
488960,"Lubriderm Mens 3-in-1",164257
488961,"Lubriderm Mens 3-in-1",164257
488938,"Aveeno Smart Essentials",164242
489083,"ASC Lotionized Antimicrobial",164377
489084,"Bodi Lotion",164378
488459,"Similasan Cold & Mucus Relief",163983
489116,"Mask Vortex",164412
489117,"Mask Vortex",164412
489167,"K-Pax Immune Professional St",164148
488875,"EasyMax N Blood Glucose",164202
488152,"Ultra Pill Crusher",163825
489176,"RoC Retinol Correxion Night",161865
487584,"Rib Belt/Womens Medium",163486
489685,"Tranquility TopLiner Booster",164444
489756,"Tranquility ATN Brief Small",164958
489757,"Tranquility ATN Brief Large",164959
489758,"Tranquility ATN Brief XL",164960
489808,"Tranquility ThinLiner 610",164995
489811,"Tranquility TopLiner Booster",164444
489762,"Tranquility XL+ Bariatric",164964
489765,"Tranquility SlimLine Brief",164966
489766,"Regular Strap",164967
489767,"Tranquility ThinLiner 714",164968
489768,"Tranquility Vinyl Gloves Small",164969
489769,"Tranquility Vinyl Gloves Med",164970
489770,"Tranquility Vinyl Gloves Large",164971
489771,"Tranquility Cleansing Wipes",164972
489772,"Tranquility Air-Plus Bariatric",164973
489261,"Carex Ultra Grabber 32""",164497
489886,"One Daily For Women",165079
490281,"Knee Support/Elastic/Firm Lg",163187
490282,"Knee Support/Elastic/Firm Med",163189
490283,"Knee Support/Elastic/Firm Sm",163190
490284,"Knee Support/Elastic/Firm XL",163191
489295,"Tranquility TopLiner Booster",164444
489298,"Tranquility ATN Brief Med",164511
489937,"Sinus Wash Salt",165145
489938,"Conforming Rolled Gauze",165146
489634,"One Daily Womens 50+",164802
489418,"Similac Sensitive",157866
489888,"One Daily For Men 50+ Advanced",165080
489889,"One Daily For Women 50+ Adv",165081
489271,"Mega Multivitamin for Women",164503
489279,"Mega Multivitamin for Men",164505
489695,"Natures Wash Plus",164938
489696,"Natures Wash Plus",164938
489709,"Bodi Whirl Oil",164941
489694,"XMet XCys Maxamaid",164937
489706,"XMet XCys Analog",164940
489485,"Select Personal Care Pads",164810
489486,"Select Personal Care Pads",164810
489487,"Select Personal Care Pads",164810
489584,"Select Mesh Pants Medium",164747
489585,"Select Mesh Pants Large",164748
489586,"Select Mesh Pants Extra Large",164749
489587,"Select Mesh Pants XXL",164750
489588,"Select Daytime Liners",164751
489591,"Select Contoured Shield Liners",164752
489592,"Select Daytime Plus Liners",164753
489560,"Select Underpads Extra Large",164733
489563,"Select Ultra Underpads Large",164735
489564,"Select Slim N' Soft Guard Reg",164738
489566,"Select Slim N' Soft Guard",164740
489651,"Select Nighttime Liners",164817
489652,"Select Underpads Large",164818
491083,"Neutrogena Ultra Sheer SPF 45",165919
490771,"Three-Panel Binder for Men Sm",165697
490772,"Three-Panel Binder for Men XL",165698
490773,"Abdominal Binder/Elastic 2XL",165699
490774,"Abdominal Binder/Elastic 3XL",165700
490775,"Abdominal Binder/Elastic Large",165701
490776,"Abdominal Binder/Elastic Med",165702
490777,"Abdominal Binder/Elastic Small",165703
490778,"Abdominal Binder/Elastic XL",165704
490779,"Orthotex Stabilizer Wrap/L 2XL",165705
490780,"Orthotex Stabilizer Wrap/L 3XL",165706
490781,"Orthotex Stabilizer Wrap/L 4XL",165707
490782,"Orthotex Stabilizer Wrap/L 5XL",165708
490783,"Orthotex Stabilizer Wrap/L Lg",165709
490784,"Orthotex Stabilizer Wrap/L Med",165710
490785,"Orthotex Stabilizer Wrap/L Sm",165711
490786,"Orthotex Stabilizer Wrap/L XL",165712
490787,"Orthotex Stabilizer Wrap/L XS",165713
490788,"Orthotex Stabilizer Wrap/R 2XL",165714
490789,"Orthotex Stabilizer Wrap/R 3XL",165715
490790,"Orthotex Stabilizer Wrap/R 4XL",165716
490791,"Orthotex Stabilizer Wrap/R 5XL",165717
490792,"Orthotex Stabilizer Wrap/R Lg",165718
490793,"Orthotex Stabilizer Wrap/R Med",165719
490794,"Orthotex Stabilizer Wrap/R Sm",165720
490795,"Orthotex Stabilizer Wrap/R XL",165721
490796,"Orthotex Stabilizer Wrap/R XS",165722
490797,"Orthotex Knee/Spiral Stays 2XL",165723
490798,"Orthotex Knee/Spiral Stays 3XL",165724
490799,"Orthotex Knee/Spiral Stays 4XL",165725
490800,"Orthotex Knee/Spiral Stays Lg",165726
491054,"GNP Acidophilus High Potency",165900
491053,"GNP Therapeutic-M",165899
490801,"Orthotex Knee/Spiral Stays Med",165727
490802,"Orthotex Knee/Spiral Stays Sm",165728
490803,"Orthotex Knee/Spiral Stays XL",165729
490968,"One Daily For Women",165079
490477,"Phillips Colon Health",153067
491367,"Dantrolene Sodium",163335
492117,"RA Tugaboos Infant Formula/FE",166586
492067,"Tranzgel",146467
492208,"Silicone Blend Custom",166645
491799,"Chicken Flavor",166433
491806,"Medibase C",166436
491779,"TH Vitamin B 50/B-Complex",166426
491816,"TH Daily Multiple Vitamins",166443
491819,"TH Daily Multiple Vitamins",166443
492583,"KP B Complex-C",166798
493518,"Juven Revigor",159867
492351,"TruForm Stockings 20-30mmHg",137578
492353,"TruForm Stockings 20-30mmHg",137578
492354,"TruForm Stockings 20-30mmHg",137578
492355,"TruForm Stockings 20-30mmHg",137578
492357,"TruForm Stockings 20-30mmHg",137578
492358,"TruForm Stockings 20-30mmHg",137578
492364,"TruForm Stockings 20-30mmHg",137578
492366,"TruForm Stockings 20-30mmHg",137578
492367,"TruForm Stockings 20-30mmHg",137578
492368,"TruForm Stockings 20-30mmHg",137578
492369,"TruForm Stockings 20-30mmHg",137578
492370,"TruForm Stockings 20-30mmHg",137578
492371,"TruForm Stockings 20-30mmHg",137578
492372,"TruForm Stockings 20-30mmHg",137578
492373,"TruForm Stockings 20-30mmHg",137578
492375,"TruForm Stockings 20-30mmHg",137578
492376,"TruForm Stockings 20-30mmHg",137578
492377,"TruForm Stockings 20-30mmHg",137578
492378,"TruForm Stockings 20-30mmHg",137578
492379,"TruForm Stockings 20-30mmHg",137578
492380,"TruForm Stockings 20-30mmHg",137578
492381,"TruForm Stockings 20-30mmHg",137578
492382,"TruForm Stockings 20-30mmHg",137578
492383,"TruForm Stockings 20-30mmHg",137578
492384,"TruForm Stockings 20-30mmHg",137578
492385,"TruForm Stockings 20-30mmHg",137578
492500,"Orthotex Knee/Spiral Stays 2XL",165723
492501,"Orthotex Knee/Spiral Stays 3XL",165724
492502,"Orthotex Knee/Spiral Stays Lg",165726
492503,"Orthotex Knee/Spiral Stays Med",165727
492504,"Orthotex Knee/Spiral Stays Sm",165728
492505,"Orthotex Knee/Spiral Stays XL",165729
492509,"Knee Brace/Hinged Bars Large",163177
492510,"Knee Brace/Hinged Bars Medium",163178
492511,"Knee Brace/Hinged Bars Small",163179
492512,"Knee Brace/Hinged Bars XL",163180
492673,"Accu-Chek Tender 1 Infusion",144821
492676,"Accu-Chek Tender 1 Infusion",144821
493844,"FORA V30a Blood Glucose Test",161477
494156,"Phillips Colon Health",153067
494159,"RA Blood Pressure Cuff Monitor",157946
493765,"Juven Revigor",159867
493743,"Juven Revigor",159867
493507,"Bodi Lotion",164378
493548,"ValuLine Short Leg Walker Lg",163917
493549,"ValuLine Short Leg Walker Med",163918
493551,"ValuLine Short Leg Walker Sm",163919
494565,"NasoNeb Nebulizer Replacement",167905
494566,"NasoNeb Nebulizer Starter",167904
494286,"ProSource Gelatein20",167747
494283,"ProSource Gelatein20",167747
494827,"Listerine Zero",160639
494836,"GNP Underwear Sm/Med",168053
494594,"Poison Ivy Wash",144634
496091,"Tranzgel",146467
495630,"EQL Pediatric Drink",168576
495632,"EQL Pediatric Drink/Fiber",168596
495634,"EQL Pediatric Drink",168576
496055,"GNP Therapeutic-M",165899
495768,"Prodigy No Coding Blood Gluc",145506
496781,"Similac Sensitive",157866
496586,"FORA V30a Blood Glucose Test",161477
496213,"New Image Skin Barrier/Flange",153147
496214,"New Image Skin Barrier/Flange",153147
496215,"New Image Skin Barrier/Flange",153147
496216,"New Image Skin Barrier/Flange",153147
496217,"New Image Skin Barrier/Flange",153147
497454,"CVS Blood Pressure Monitor",162413
497455,"CVS Blood Pressure Monitor",162413
498196,"Tranzgel",146467
497810,"FORA G20 Blood Glucose Test",149017
498916,"Probiotic Pearls",162453
498917,"Probiotic Pearls",162453
499095,"Glutathione-L Reduced",161646
497704,"ClearLax",146469
497705,"ClearLax",146469
498230,"Mask Vortex",164412
498231,"Mask Vortex",164412
499478,"Kroger Blood Glucose Test",144335
499480,"Kroger Blood Glucose Test",144335
499479,"Kroger Blood Glucose Test",144335
502597,"Denture Adhesive",6076
505146,"Enfamil Gentlease LIPIL",148245
504761,"BD Nexiva 22Gx1""",159832
506050,"PKU Lophlex LQ 20",159207
506059,"PKU Lophlex LQ 20",159207
507251,"One-A-Day VitaCraves",162383
508401,"Poison Ivy Wash",144634
507314,"Phillips Colon Health",153067
507313,"Phillips Colon Health",153067
508396,"Culturelle Digestive Health",148099
509008,"Medihoney Wound/Burn Dressing",163341
509009,"Medihoney Wound/Burn Dressing",163341
509226,"New Image Skin Barrier/Flange",153147
510620,"RA Tugaboos Infant Formula/FE",166586
509950,"New Image Skin Barrier/Flange",153147
511397,"RA Tugaboos Infant Formula/FE",166586
511639,"Similac Expert Care NeoSure/Fe",158946
514787,"Stayfree Ultra Thin Long",161358
516972,"Prodigy No Coding Blood Gluc",145506
519191,"Embrace Blood Glucose Test",146351
518473,"Johnsons Gentle Care Gift Set",164304
519800,"New Image Skin Barrier/Flange",153147
523621,"Dehydroepiandrosterone Micro",160387
523642,"Imiquimod",161746
523643,"Glutathione-L Reduced",161646
523680,"Methocel E4M Premium CR",161416
525446,"EQ Nutritional Shake",144099
525448,"EQ Nutritional Shake",144099
525447,"EQ Nutritional Shake",144099
525450,"EQ Nutritional Shake Plus",144102
525449,"EQ Nutritional Shake Plus",144102
525451,"EQ Nutritional Shake Plus",144102
524112,"RoC Multi-Correxion Night",161864
524114,"RoC Multi-Correxion Eye",161863
526109,"MiniLink REAL-Time Transmitter",163819
526640,"Embrace Blood Glucose Test",146351
526696,"Imiquimod",161746
528817,"Prevail for Women Small/Medium",161356
531032,"Imiquimod",161746
531872,"Denture Adhesive",6076
531792,"Embrace Blood Glucose Monitor",146343
533725,"Cholecalciferol",160660
537482,"Imiquimod",161746
543917,"Medihoney Wound/Burn Dressing",163341
543947,"Glutathione-L Reduced",161646
560798,"Probiotic Pearls",162453
560658,"Prodigy No Coding Blood Gluc",145506
568368,"Culturelle Digestive Health",148099
568796,"KetoVolve 4:1",147196
569162,"Imiquimod",161746
572703,"CVS Blood Pressure Monitor",162413
572704,"CVS Blood Pressure Monitor",162413
573646,"Imiquimod",161746
573172,"NeutraSal",148208
573182,"NeutraSal",148208
572369,"Imiquimod",161746
576337,"EQ Nutritional Shake Plus",144102
577276,"Medihoney Wound/Burn Dressing",163341
609067,"Bitterness Suppressor Flavor",137537
614599,"New Image Skin Barrier/Flange",153147
614601,"New Image Skin Barrier/Flange",153147
614602,"New Image Skin Barrier/Flange",153147
614603,"New Image Skin Barrier/Flange",153147
607915,"Medihoney Wound/Burn Dressing",163341
614605,"New Image Skin Barrier/Flange",153147
614604,"New Image Skin Barrier/Flange",153147
608038,"Imiquimod",161746
616836,"Glutathione-L Reduced",161646
629777,"Glutathione-L Reduced",161646
632784,"Prevail for Women Small/Medium",161356
632786,"Prevail for Women Large",161357
638968,"Multi Vitamin/Minerals",146284
636753,"Culturelle Digestive Health",148099
639704,"CVS Blood Pressure Monitor",162413
633431,"Dantrolene Sodium",163335
638480,"Medihoney Wound/Burn Dressing",163341
639067,"Blood Collection Tube Holder",147906
639068,"Blood Collection Tube Holder",147906
639069,"Blood Collection Tube Holder",147906
